horizon_days,target,target_col,feature_group,rank,feature,MI_training,selected
1,snowc,snowc_h1,A_atmosphere_energy,1,sshf_W,0.7189083714002891,True
1,snowc,snowc_h1,A_atmosphere_energy,2,doy_cos,0.7105069621388376,True
1,snowc,snowc_h1,A_atmosphere_energy,3,doy_sin,0.6914269455262243,True
1,snowc,snowc_h1,A_atmosphere_energy,4,t2m_C,0.6243796690422911,True
1,snowc,snowc_h1,A_atmosphere_energy,5,e_mm,0.5296997284081897,True
1,snowc,snowc_h1,A_atmosphere_energy,6,slhf_W,0.5133788101505274,True
1,snowc,snowc_h1,A_atmosphere_energy,7,net_radiation_W,0.4955815872102214,True
1,snowc,snowc_h1,A_atmosphere_energy,8,d2m_C,0.24421165530424283,True
1,snowc,snowc_h1,A_atmosphere_energy,9,ssrd_W,0.20299393781159658,True
1,snowc,snowc_h1,A_atmosphere_energy,10,sp_hPa,0.19919690829451042,True
1,snowc,snowc_h1,A_atmosphere_energy,11,strd_W,0.18125121415714496,True
1,snowc,snowc_h1,A_atmosphere_energy,12,ws,0.1611693787339057,True
1,snowc,snowc_h1,A_atmosphere_energy,13,tp_mm,0.11121566381105108,False
1,snowc,snowc_h1,B_atmosphere_snowfall_memory,1,snowc_lag0,1.2587783101066625,True
1,snowc,snowc_h1,B_atmosphere_snowfall_memory,2,sd_lag0,1.109638640536331,True
1,snowc,snowc_h1,B_atmosphere_snowfall_memory,3,snowc_lag1,1.083688789465877,True
1,snowc,snowc_h1,B_atmosphere_snowfall_memory,4,sd_lag1,1.014793705177702,True
1,snowc,snowc_h1,B_atmosphere_snowfall_memory,5,sd_lag3,0.8673351642816582,False
1,snowc,snowc_h1,B_atmosphere_snowfall_memory,6,snowc_lag3,0.8651933556651645,False
1,snowc,snowc_h1,B_atmosphere_snowfall_memory,7,sshf_W,0.718975467013232,False
1,snowc,snowc_h1,B_atmosphere_snowfall_memory,8,doy_cos,0.7096880990796608,False
1,snowc,snowc_h1,B_atmosphere_snowfall_memory,9,doy_sin,0.6904287110395835,False
1,snowc,snowc_h1,B_atmosphere_snowfall_memory,10,sd_lag7,0.686368411604672,False
1,snowc,snowc_h1,B_atmosphere_snowfall_memory,11,snowc_lag7,0.6829063538176676,False
1,snowc,snowc_h1,B_atmosphere_snowfall_memory,12,t2m_C_lag7,0.6650141125909403,False
1,snowc,snowc_h1,B_atmosphere_snowfall_memory,13,t2m_C_lag3,0.6461254640832284,False
1,snowc,snowc_h1,B_atmosphere_snowfall_memory,14,t2m_C_lag1,0.6291646187876907,False
1,snowc,snowc_h1,B_atmosphere_snowfall_memory,15,t2m_C,0.624411343237206,False
1,snowc,snowc_h1,B_atmosphere_snowfall_memory,16,e_mm,0.5292814852705003,False
1,snowc,snowc_h1,B_atmosphere_snowfall_memory,17,slhf_W,0.5130489635228539,False
1,snowc,snowc_h1,B_atmosphere_snowfall_memory,18,net_radiation_W,0.496339235650856,False
1,snowc,snowc_h1,B_atmosphere_snowfall_memory,19,sf_mm,0.3554893980519198,False
1,snowc,snowc_h1,B_atmosphere_snowfall_memory,20,sf_mm_lag1,0.3445264426587835,False
1,snowc,snowc_h1,B_atmosphere_snowfall_memory,21,smlt_mm_lag1,0.33939322862510046,False
1,snowc,snowc_h1,B_atmosphere_snowfall_memory,22,sf_mm_lag3,0.3346211884856025,False
1,snowc,snowc_h1,B_atmosphere_snowfall_memory,23,sf_mm_lag7,0.32768529336426244,False
1,snowc,snowc_h1,B_atmosphere_snowfall_memory,24,d2m_C,0.24403137309491107,False
1,snowc,snowc_h1,B_atmosphere_snowfall_memory,25,smlt_mm_lag3,0.2288347492993088,False
1,snowc,snowc_h1,B_atmosphere_snowfall_memory,26,ssrd_W,0.20305835642408177,False
1,snowc,snowc_h1,B_atmosphere_snowfall_memory,27,sp_hPa,0.19801757483505966,False
1,snowc,snowc_h1,B_atmosphere_snowfall_memory,28,strd_W,0.18174379865492618,False
1,snowc,snowc_h1,B_atmosphere_snowfall_memory,29,ws,0.16114310809738797,False
1,snowc,snowc_h1,B_atmosphere_snowfall_memory,30,smlt_mm_lag7,0.15383359424301712,False
1,snowc,snowc_h1,B_atmosphere_snowfall_memory,31,tp_mm_lag1,0.1118173494647623,False
1,snowc,snowc_h1,B_atmosphere_snowfall_memory,32,tp_mm,0.11126467274469753,False
1,snowc,snowc_h1,B_atmosphere_snowfall_memory,33,tp_mm_lag3,0.10277756850796749,False
1,snowc,snowc_h1,B_atmosphere_snowfall_memory,34,tp_mm_lag7,0.09330883529161316,False
1,snowc,snowc_h1,C_full_reanalysis_state,1,snowc_lag0,1.2620704684163035,True
1,snowc,snowc_h1,C_full_reanalysis_state,2,sd_lag0,1.10709858744519,True
1,snowc,snowc_h1,C_full_reanalysis_state,3,snowc_lag1,1.0856127362066097,True
1,snowc,snowc_h1,C_full_reanalysis_state,4,sde_mm,1.0227673471543017,True
1,snowc,snowc_h1,C_full_reanalysis_state,5,sd_lag1,1.003803483559044,True
1,snowc,snowc_h1,C_full_reanalysis_state,6,sd_lag3,0.8717264141418584,True
1,snowc,snowc_h1,C_full_reanalysis_state,7,snowc_lag3,0.8655362525711174,True
1,snowc,snowc_h1,C_full_reanalysis_state,8,rsn,0.7837891632295175,True
1,snowc,snowc_h1,C_full_reanalysis_state,9,sshf_W,0.7197604103358852,False
1,snowc,snowc_h1,C_full_reanalysis_state,10,doy_cos,0.7046757622424629,False
1,snowc,snowc_h1,C_full_reanalysis_state,11,doy_sin,0.6981150285732012,False
1,snowc,snowc_h1,C_full_reanalysis_state,12,sd_lag7,0.6913679982367373,False
1,snowc,snowc_h1,C_full_reanalysis_state,13,snowc_lag7,0.6889997649157227,False
1,snowc,snowc_h1,C_full_reanalysis_state,14,t2m_C_lag7,0.6640561445476187,False
1,snowc,snowc_h1,C_full_reanalysis_state,15,t2m_C_lag3,0.6457254325684207,False
1,snowc,snowc_h1,C_full_reanalysis_state,16,t2m_C_lag1,0.6288953779642981,False
1,snowc,snowc_h1,C_full_reanalysis_state,17,t2m_C,0.6242315547333224,False
1,snowc,snowc_h1,C_full_reanalysis_state,18,tsn_C,0.5622926183170236,False
1,snowc,snowc_h1,C_full_reanalysis_state,19,e_mm,0.5294955727713013,False
1,snowc,snowc_h1,C_full_reanalysis_state,20,ssro_mm,0.5280809852514263,False
1,snowc,snowc_h1,C_full_reanalysis_state,21,slhf_W,0.5130790013262985,False
1,snowc,snowc_h1,C_full_reanalysis_state,22,net_radiation_W,0.49617289788727703,False
1,snowc,snowc_h1,C_full_reanalysis_state,23,ro_mm,0.46838101232046014,False
1,snowc,snowc_h1,C_full_reanalysis_state,24,sro_mm,0.4650594769191052,False
1,snowc,snowc_h1,C_full_reanalysis_state,25,smlt_mm_lag1,0.34604514937661524,False
1,snowc,snowc_h1,C_full_reanalysis_state,26,sf_mm,0.3443461558358418,False
1,snowc,snowc_h1,C_full_reanalysis_state,27,sf_mm_lag1,0.34159541881145916,False
1,snowc,snowc_h1,C_full_reanalysis_state,28,sf_mm_lag3,0.335883138796941,False
1,snowc,snowc_h1,C_full_reanalysis_state,29,sf_mm_lag7,0.3250485319871208,False
1,snowc,snowc_h1,C_full_reanalysis_state,30,d2m_C,0.24487515286492822,False
1,snowc,snowc_h1,C_full_reanalysis_state,31,smlt_mm_lag3,0.2276455317307331,False
1,snowc,snowc_h1,C_full_reanalysis_state,32,ssrd_W,0.20342594174293183,False
1,snowc,snowc_h1,C_full_reanalysis_state,33,sp_hPa,0.19926989270928885,False
1,snowc,snowc_h1,C_full_reanalysis_state,34,strd_W,0.18136216606399636,False
1,snowc,snowc_h1,C_full_reanalysis_state,35,ws,0.16172490628313163,False
1,snowc,snowc_h1,C_full_reanalysis_state,36,smlt_mm_lag7,0.1520663162194129,False
1,snowc,snowc_h1,C_full_reanalysis_state,37,tp_mm_lag1,0.11206861655325984,False
1,snowc,snowc_h1,C_full_reanalysis_state,38,tp_mm,0.11122022015155686,False
1,snowc,snowc_h1,C_full_reanalysis_state,39,tp_mm_lag3,0.1013621358772081,False
1,snowc,snowc_h1,C_full_reanalysis_state,40,tp_mm_lag7,0.09472371486628361,False
1,sd,sd_h1,A_atmosphere_energy,1,doy_sin,0.8039791303940556,True
1,sd,sd_h1,A_atmosphere_energy,2,sshf_W,0.7884702970312354,True
1,sd,sd_h1,A_atmosphere_energy,3,doy_cos,0.7621697635398847,True
1,sd,sd_h1,A_atmosphere_energy,4,t2m_C,0.6425911704687444,True
1,sd,sd_h1,A_atmosphere_energy,5,e_mm,0.5858261422030688,True
1,sd,sd_h1,A_atmosphere_energy,6,slhf_W,0.569137673528255,True
1,sd,sd_h1,A_atmosphere_energy,7,net_radiation_W,0.5229106230349378,True
1,sd,sd_h1,A_atmosphere_energy,8,ssrd_W,0.2710465791262493,True
1,sd,sd_h1,A_atmosphere_energy,9,d2m_C,0.26402608047019527,True
1,sd,sd_h1,A_atmosphere_energy,10,sp_hPa,0.20277367920836653,True
1,sd,sd_h1,A_atmosphere_energy,11,strd_W,0.18393535730004995,True
1,sd,sd_h1,A_atmosphere_energy,12,ws,0.1556118103762616,True
1,sd,sd_h1,A_atmosphere_energy,13,tp_mm,0.124537435426606,False
1,sd,sd_h1,B_atmosphere_snowfall_memory,1,sd_lag0,3.0118730675428638,True
1,sd,sd_h1,B_atmosphere_snowfall_memory,2,sd_lag1,2.5191107603627927,True
1,sd,sd_h1,B_atmosphere_snowfall_memory,3,sd_lag3,1.9971839001894311,True
1,sd,sd_h1,B_atmosphere_snowfall_memory,4,sd_lag7,1.6484466183489923,True
1,sd,sd_h1,B_atmosphere_snowfall_memory,5,snowc_lag0,1.1016029748224399,True
1,sd,sd_h1,B_atmosphere_snowfall_memory,6,snowc_lag1,0.9945159306450333,True
1,sd,sd_h1,B_atmosphere_snowfall_memory,7,snowc_lag3,0.8365121841118182,False
1,sd,sd_h1,B_atmosphere_snowfall_memory,8,doy_sin,0.801054980835616,False
1,sd,sd_h1,B_atmosphere_snowfall_memory,9,sshf_W,0.7884604192144424,False
1,sd,sd_h1,B_atmosphere_snowfall_memory,10,doy_cos,0.7631660510267464,False
1,sd,sd_h1,B_atmosphere_snowfall_memory,11,snowc_lag7,0.7545522527465405,False
1,sd,sd_h1,B_atmosphere_snowfall_memory,12,t2m_C_lag7,0.6494817844403782,False
1,sd,sd_h1,B_atmosphere_snowfall_memory,13,t2m_C_lag3,0.644235982332658,False
1,sd,sd_h1,B_atmosphere_snowfall_memory,14,t2m_C,0.6426120075436463,False
1,sd,sd_h1,B_atmosphere_snowfall_memory,15,t2m_C_lag1,0.6372100004634138,False
1,sd,sd_h1,B_atmosphere_snowfall_memory,16,e_mm,0.5860298984382428,False
1,sd,sd_h1,B_atmosphere_snowfall_memory,17,slhf_W,0.56892888123779,False
1,sd,sd_h1,B_atmosphere_snowfall_memory,18,net_radiation_W,0.5223178884951158,False
1,sd,sd_h1,B_atmosphere_snowfall_memory,19,smlt_mm_lag1,0.3090360636555598,False
1,sd,sd_h1,B_atmosphere_snowfall_memory,20,sf_mm,0.29133695436158025,False
1,sd,sd_h1,B_atmosphere_snowfall_memory,21,sf_mm_lag1,0.27799836238281284,False
1,sd,sd_h1,B_atmosphere_snowfall_memory,22,sf_mm_lag3,0.27267168088621396,False
1,sd,sd_h1,B_atmosphere_snowfall_memory,23,sf_mm_lag7,0.2722837896798165,False
1,sd,sd_h1,B_atmosphere_snowfall_memory,24,ssrd_W,0.2714189884969649,False
1,sd,sd_h1,B_atmosphere_snowfall_memory,25,d2m_C,0.26453998051359573,False
1,sd,sd_h1,B_atmosphere_snowfall_memory,26,smlt_mm_lag3,0.23488450612226774,False
1,sd,sd_h1,B_atmosphere_snowfall_memory,27,sp_hPa,0.20324395504854031,False
1,sd,sd_h1,B_atmosphere_snowfall_memory,28,strd_W,0.18358392866529005,False
1,sd,sd_h1,B_atmosphere_snowfall_memory,29,smlt_mm_lag7,0.1807389901655183,False
1,sd,sd_h1,B_atmosphere_snowfall_memory,30,ws,0.15588586297790563,False
1,sd,sd_h1,B_atmosphere_snowfall_memory,31,tp_mm,0.12600168660801891,False
1,sd,sd_h1,B_atmosphere_snowfall_memory,32,tp_mm_lag1,0.118445816380782,False
1,sd,sd_h1,B_atmosphere_snowfall_memory,33,tp_mm_lag3,0.09686209097220644,False
1,sd,sd_h1,B_atmosphere_snowfall_memory,34,tp_mm_lag7,0.09086264668405519,False
1,sd,sd_h1,C_full_reanalysis_state,1,sd_lag0,3.0087408417411496,True
1,sd,sd_h1,C_full_reanalysis_state,2,sd_lag1,2.509422556607533,True
1,sd,sd_h1,C_full_reanalysis_state,3,sd_lag3,2.001606344924121,True
1,sd,sd_h1,C_full_reanalysis_state,4,sd_lag7,1.6509027423349174,True
1,sd,sd_h1,C_full_reanalysis_state,5,sde_mm,1.6361009506007411,True
1,sd,sd_h1,C_full_reanalysis_state,6,snowc_lag0,1.1067213071154955,True
1,sd,sd_h1,C_full_reanalysis_state,7,rsn,1.0223514189952017,True
1,sd,sd_h1,C_full_reanalysis_state,8,snowc_lag1,0.9976027210654079,True
1,sd,sd_h1,C_full_reanalysis_state,9,ssro_mm,0.9749816071865443,True
1,sd,sd_h1,C_full_reanalysis_state,10,ro_mm,0.908697379984571,True
1,sd,sd_h1,C_full_reanalysis_state,11,snowc_lag3,0.8372544902889363,True
1,sd,sd_h1,C_full_reanalysis_state,12,doy_sin,0.8051704935196993,True
1,sd,sd_h1,C_full_reanalysis_state,13,sshf_W,0.788431476317295,False
1,sd,sd_h1,C_full_reanalysis_state,14,doy_cos,0.761112936033407,False
1,sd,sd_h1,C_full_reanalysis_state,15,snowc_lag7,0.7565813541166793,False
1,sd,sd_h1,C_full_reanalysis_state,16,t2m_C_lag7,0.6490372454668245,False
1,sd,sd_h1,C_full_reanalysis_state,17,t2m_C_lag3,0.6444074530382844,False
1,sd,sd_h1,C_full_reanalysis_state,18,t2m_C,0.6423498399944139,False
1,sd,sd_h1,C_full_reanalysis_state,19,t2m_C_lag1,0.6375478475332663,False
1,sd,sd_h1,C_full_reanalysis_state,20,e_mm,0.5861945403048869,False
1,sd,sd_h1,C_full_reanalysis_state,21,slhf_W,0.5695753907946486,False
1,sd,sd_h1,C_full_reanalysis_state,22,tsn_C,0.5577042195232194,False
1,sd,sd_h1,C_full_reanalysis_state,23,net_radiation_W,0.5224491602864667,False
1,sd,sd_h1,C_full_reanalysis_state,24,sro_mm,0.3815224537690627,False
1,sd,sd_h1,C_full_reanalysis_state,25,smlt_mm_lag1,0.3093577343382661,False
1,sd,sd_h1,C_full_reanalysis_state,26,sf_mm,0.2880756286564754,False
1,sd,sd_h1,C_full_reanalysis_state,27,sf_mm_lag1,0.27705077310474024,False
1,sd,sd_h1,C_full_reanalysis_state,28,sf_mm_lag3,0.27294528769090576,False
1,sd,sd_h1,C_full_reanalysis_state,29,ssrd_W,0.2706833811481699,False
1,sd,sd_h1,C_full_reanalysis_state,30,sf_mm_lag7,0.27017921583376037,False
1,sd,sd_h1,C_full_reanalysis_state,31,d2m_C,0.2644349729909994,False
1,sd,sd_h1,C_full_reanalysis_state,32,smlt_mm_lag3,0.23223864632461755,False
1,sd,sd_h1,C_full_reanalysis_state,33,sp_hPa,0.20310526095379178,False
1,sd,sd_h1,C_full_reanalysis_state,34,strd_W,0.18398580574634948,False
1,sd,sd_h1,C_full_reanalysis_state,35,smlt_mm_lag7,0.18225748082103532,False
1,sd,sd_h1,C_full_reanalysis_state,36,ws,0.1561298259345314,False
1,sd,sd_h1,C_full_reanalysis_state,37,tp_mm,0.12426089843738719,False
1,sd,sd_h1,C_full_reanalysis_state,38,tp_mm_lag1,0.11830125917214751,False
1,sd,sd_h1,C_full_reanalysis_state,39,tp_mm_lag3,0.09342337242136978,False
1,sd,sd_h1,C_full_reanalysis_state,40,tp_mm_lag7,0.09123428411806245,False
1,smlt_mm,smlt_mm_h1,A_atmosphere_energy,1,doy_sin,0.4001503973606084,True
1,smlt_mm,smlt_mm_h1,A_atmosphere_energy,2,doy_cos,0.39434859071481654,True
1,smlt_mm,smlt_mm_h1,A_atmosphere_energy,3,t2m_C,0.39268539837187433,True
1,smlt_mm,smlt_mm_h1,A_atmosphere_energy,4,sshf_W,0.26696093784401853,True
1,smlt_mm,smlt_mm_h1,A_atmosphere_energy,5,net_radiation_W,0.2561846157378209,True
1,smlt_mm,smlt_mm_h1,A_atmosphere_energy,6,e_mm,0.15608006580186107,True
1,smlt_mm,smlt_mm_h1,A_atmosphere_energy,7,slhf_W,0.1455715533761328,True
1,smlt_mm,smlt_mm_h1,A_atmosphere_energy,8,d2m_C,0.09725061048413153,True
1,smlt_mm,smlt_mm_h1,A_atmosphere_energy,9,ssrd_W,0.07438280128562802,True
1,smlt_mm,smlt_mm_h1,A_atmosphere_energy,10,ws,0.045399432725240274,True
1,smlt_mm,smlt_mm_h1,A_atmosphere_energy,11,strd_W,0.04386359822909469,True
1,smlt_mm,smlt_mm_h1,A_atmosphere_energy,12,tp_mm,0.02847748323267041,True
1,smlt_mm,smlt_mm_h1,A_atmosphere_energy,13,sp_hPa,0.026294077697112783,False
1,smlt_mm,smlt_mm_h1,B_atmosphere_snowfall_memory,1,smlt_mm_lag1,0.743754951553198,True
1,smlt_mm,smlt_mm_h1,B_atmosphere_snowfall_memory,2,sd_lag0,0.6095034695856532,True
1,smlt_mm,smlt_mm_h1,B_atmosphere_snowfall_memory,3,snowc_lag0,0.5758874796882667,True
1,smlt_mm,smlt_mm_h1,B_atmosphere_snowfall_memory,4,sd_lag1,0.565080486442465,True
1,smlt_mm,smlt_mm_h1,B_atmosphere_snowfall_memory,5,smlt_mm_lag3,0.5207511372112084,True
1,smlt_mm,smlt_mm_h1,B_atmosphere_snowfall_memory,6,snowc_lag1,0.5161274049156921,True
1,smlt_mm,smlt_mm_h1,B_atmosphere_snowfall_memory,7,sd_lag3,0.437519031947863,True
1,smlt_mm,smlt_mm_h1,B_atmosphere_snowfall_memory,8,snowc_lag3,0.4149293816423336,True
1,smlt_mm,smlt_mm_h1,B_atmosphere_snowfall_memory,9,doy_sin,0.39642464659384746,True
1,smlt_mm,smlt_mm_h1,B_atmosphere_snowfall_memory,10,t2m_C,0.3922218743927086,True
1,smlt_mm,smlt_mm_h1,B_atmosphere_snowfall_memory,11,doy_cos,0.39196814790990064,True
1,smlt_mm,smlt_mm_h1,B_atmosphere_snowfall_memory,12,t2m_C_lag1,0.36471861902325386,True
1,smlt_mm,smlt_mm_h1,B_atmosphere_snowfall_memory,13,smlt_mm_lag7,0.34298937192255874,False
1,smlt_mm,smlt_mm_h1,B_atmosphere_snowfall_memory,14,t2m_C_lag3,0.33010703576408673,False
1,smlt_mm,smlt_mm_h1,B_atmosphere_snowfall_memory,15,t2m_C_lag7,0.3097343372565309,False
1,smlt_mm,smlt_mm_h1,B_atmosphere_snowfall_memory,16,sd_lag7,0.28351072190265914,False
1,smlt_mm,smlt_mm_h1,B_atmosphere_snowfall_memory,17,sshf_W,0.267676856536335,False
1,smlt_mm,smlt_mm_h1,B_atmosphere_snowfall_memory,18,net_radiation_W,0.25614983097593935,False
1,smlt_mm,smlt_mm_h1,B_atmosphere_snowfall_memory,19,snowc_lag7,0.20176129826627065,False
1,smlt_mm,smlt_mm_h1,B_atmosphere_snowfall_memory,20,e_mm,0.15557474457743403,False
1,smlt_mm,smlt_mm_h1,B_atmosphere_snowfall_memory,21,slhf_W,0.14516341951542877,False
1,smlt_mm,smlt_mm_h1,B_atmosphere_snowfall_memory,22,d2m_C,0.09786724767536903,False
1,smlt_mm,smlt_mm_h1,B_atmosphere_snowfall_memory,23,ssrd_W,0.0749336038661017,False
1,smlt_mm,smlt_mm_h1,B_atmosphere_snowfall_memory,24,sf_mm,0.04757980496808578,False
1,smlt_mm,smlt_mm_h1,B_atmosphere_snowfall_memory,25,ws,0.04499666902826682,False
1,smlt_mm,smlt_mm_h1,B_atmosphere_snowfall_memory,26,strd_W,0.04452454191651789,False
1,smlt_mm,smlt_mm_h1,B_atmosphere_snowfall_memory,27,sf_mm_lag1,0.04001506013494183,False
1,smlt_mm,smlt_mm_h1,B_atmosphere_snowfall_memory,28,sf_mm_lag3,0.03243109794317256,False
1,smlt_mm,smlt_mm_h1,B_atmosphere_snowfall_memory,29,tp_mm,0.030321939519745378,False
1,smlt_mm,smlt_mm_h1,B_atmosphere_snowfall_memory,30,tp_mm_lag1,0.02763957664626826,False
1,smlt_mm,smlt_mm_h1,B_atmosphere_snowfall_memory,31,sp_hPa,0.026721686056831118,False
1,smlt_mm,smlt_mm_h1,B_atmosphere_snowfall_memory,32,tp_mm_lag7,0.02634352428342357,False
1,smlt_mm,smlt_mm_h1,B_atmosphere_snowfall_memory,33,tp_mm_lag3,0.023796359110451526,False
1,smlt_mm,smlt_mm_h1,B_atmosphere_snowfall_memory,34,sf_mm_lag7,0.021795842346063132,False
1,smlt_mm,smlt_mm_h1,C_full_reanalysis_state,1,smlt_mm_lag1,0.7560479319836002,True
1,smlt_mm,smlt_mm_h1,C_full_reanalysis_state,2,sd_lag0,0.6055869641627059,True
1,smlt_mm,smlt_mm_h1,C_full_reanalysis_state,3,snowc_lag0,0.5751428953804529,True
1,smlt_mm,smlt_mm_h1,C_full_reanalysis_state,4,sro_mm,0.5624884966240389,True
1,smlt_mm,smlt_mm_h1,C_full_reanalysis_state,5,sd_lag1,0.5570490526594112,True
1,smlt_mm,smlt_mm_h1,C_full_reanalysis_state,6,rsn,0.5463678713246427,True
1,smlt_mm,smlt_mm_h1,C_full_reanalysis_state,7,snowc_lag1,0.5171031866405658,True
1,smlt_mm,smlt_mm_h1,C_full_reanalysis_state,8,smlt_mm_lag3,0.5154376847485489,True
1,smlt_mm,smlt_mm_h1,C_full_reanalysis_state,9,sd_lag3,0.4414645983509633,True
1,smlt_mm,smlt_mm_h1,C_full_reanalysis_state,10,snowc_lag3,0.41652208340624597,True
1,smlt_mm,smlt_mm_h1,C_full_reanalysis_state,11,doy_sin,0.40341384807737946,True
1,smlt_mm,smlt_mm_h1,C_full_reanalysis_state,12,doy_cos,0.3924928468799749,True
1,smlt_mm,smlt_mm_h1,C_full_reanalysis_state,13,t2m_C,0.3924395846856683,False
1,smlt_mm,smlt_mm_h1,C_full_reanalysis_state,14,sde_mm,0.3665172574642277,False
1,smlt_mm,smlt_mm_h1,C_full_reanalysis_state,15,t2m_C_lag1,0.3644131707491507,False
1,smlt_mm,smlt_mm_h1,C_full_reanalysis_state,16,tsn_C,0.3578639066002287,False
1,smlt_mm,smlt_mm_h1,C_full_reanalysis_state,17,ro_mm,0.3427874101499402,False
1,smlt_mm,smlt_mm_h1,C_full_reanalysis_state,18,smlt_mm_lag7,0.33818354087514546,False
1,smlt_mm,smlt_mm_h1,C_full_reanalysis_state,19,t2m_C_lag3,0.32968738109218165,False
1,smlt_mm,smlt_mm_h1,C_full_reanalysis_state,20,t2m_C_lag7,0.3094984795135467,False
1,smlt_mm,smlt_mm_h1,C_full_reanalysis_state,21,sd_lag7,0.2875773856018311,False
1,smlt_mm,smlt_mm_h1,C_full_reanalysis_state,22,sshf_W,0.26692573788137075,False
1,smlt_mm,smlt_mm_h1,C_full_reanalysis_state,23,net_radiation_W,0.2557949480555681,False
1,smlt_mm,smlt_mm_h1,C_full_reanalysis_state,24,ssro_mm,0.22091573173441326,False
1,smlt_mm,smlt_mm_h1,C_full_reanalysis_state,25,snowc_lag7,0.20333661415770532,False
1,smlt_mm,smlt_mm_h1,C_full_reanalysis_state,26,e_mm,0.15579598073168377,False
1,smlt_mm,smlt_mm_h1,C_full_reanalysis_state,27,slhf_W,0.14567468646542991,False
1,smlt_mm,smlt_mm_h1,C_full_reanalysis_state,28,d2m_C,0.09783714144056788,False
1,smlt_mm,smlt_mm_h1,C_full_reanalysis_state,29,ssrd_W,0.07460644743483869,False
1,smlt_mm,smlt_mm_h1,C_full_reanalysis_state,30,ws,0.04497453296372278,False
1,smlt_mm,smlt_mm_h1,C_full_reanalysis_state,31,strd_W,0.044593361084649175,False
1,smlt_mm,smlt_mm_h1,C_full_reanalysis_state,32,sf_mm,0.03763468947807702,False
1,smlt_mm,smlt_mm_h1,C_full_reanalysis_state,33,sf_mm_lag1,0.0355279484349289,False
1,smlt_mm,smlt_mm_h1,C_full_reanalysis_state,34,tp_mm,0.029612532913414924,False
1,smlt_mm,smlt_mm_h1,C_full_reanalysis_state,35,sf_mm_lag3,0.029069089453276575,False
1,smlt_mm,smlt_mm_h1,C_full_reanalysis_state,36,sp_hPa,0.02728161832580156,False
1,smlt_mm,smlt_mm_h1,C_full_reanalysis_state,37,tp_mm_lag7,0.024429406682062726,False
1,smlt_mm,smlt_mm_h1,C_full_reanalysis_state,38,tp_mm_lag1,0.0241005958280871,False
1,smlt_mm,smlt_mm_h1,C_full_reanalysis_state,39,tp_mm_lag3,0.019471670489330073,False
1,smlt_mm,smlt_mm_h1,C_full_reanalysis_state,40,sf_mm_lag7,0.01836438827620146,False
7,snowc,snowc_h7,A_atmosphere_energy,1,doy_cos,0.7024842064114996,True
7,snowc,snowc_h7,A_atmosphere_energy,2,doy_sin,0.6924732096304576,True
7,snowc,snowc_h7,A_atmosphere_energy,3,t2m_C,0.6605003572120456,True
7,snowc,snowc_h7,A_atmosphere_energy,4,sshf_W,0.6488792485116015,True
7,snowc,snowc_h7,A_atmosphere_energy,5,net_radiation_W,0.5197292320615681,True
7,snowc,snowc_h7,A_atmosphere_energy,6,e_mm,0.5196929646431929,True
7,snowc,snowc_h7,A_atmosphere_energy,7,slhf_W,0.5075426774498801,True
7,snowc,snowc_h7,A_atmosphere_energy,8,d2m_C,0.2731049691148435,True
7,snowc,snowc_h7,A_atmosphere_energy,9,ssrd_W,0.2423624820272714,True
7,snowc,snowc_h7,A_atmosphere_energy,10,strd_W,0.1997671098169782,True
7,snowc,snowc_h7,A_atmosphere_energy,11,sp_hPa,0.19487113989283245,True
7,snowc,snowc_h7,A_atmosphere_energy,12,ws,0.18340596226154915,True
7,snowc,snowc_h7,A_atmosphere_energy,13,tp_mm,0.09365919655015897,False
7,snowc,snowc_h7,B_atmosphere_snowfall_memory,1,sd_lag0,0.7306445127619741,True
7,snowc,snowc_h7,B_atmosphere_snowfall_memory,2,snowc_lag0,0.7145760690295964,True
7,snowc,snowc_h7,B_atmosphere_snowfall_memory,3,doy_cos,0.7101413998515147,True
7,snowc,snowc_h7,B_atmosphere_snowfall_memory,4,doy_sin,0.694852055877937,True
7,snowc,snowc_h7,B_atmosphere_snowfall_memory,5,sd_lag1,0.6929745454227776,True
7,snowc,snowc_h7,B_atmosphere_snowfall_memory,6,snowc_lag1,0.6875818466765287,True
7,snowc,snowc_h7,B_atmosphere_snowfall_memory,7,t2m_C_lag7,0.687113272844476,False
7,snowc,snowc_h7,B_atmosphere_snowfall_memory,8,t2m_C_lag3,0.6758526292983067,False
7,snowc,snowc_h7,B_atmosphere_snowfall_memory,9,t2m_C_lag1,0.6650334162030109,False
7,snowc,snowc_h7,B_atmosphere_snowfall_memory,10,t2m_C,0.6608607494724055,False
7,snowc,snowc_h7,B_atmosphere_snowfall_memory,11,sshf_W,0.6496607280938367,False
7,snowc,snowc_h7,B_atmosphere_snowfall_memory,12,sd_lag3,0.6452302801903462,False
7,snowc,snowc_h7,B_atmosphere_snowfall_memory,13,snowc_lag3,0.6321712407061995,False
7,snowc,snowc_h7,B_atmosphere_snowfall_memory,14,sd_lag7,0.5768475932146551,False
7,snowc,snowc_h7,B_atmosphere_snowfall_memory,15,snowc_lag7,0.5664539702516098,False
7,snowc,snowc_h7,B_atmosphere_snowfall_memory,16,e_mm,0.5198887471850853,False
7,snowc,snowc_h7,B_atmosphere_snowfall_memory,17,net_radiation_W,0.5196169648580966,False
7,snowc,snowc_h7,B_atmosphere_snowfall_memory,18,slhf_W,0.507089279613874,False
7,snowc,snowc_h7,B_atmosphere_snowfall_memory,19,sf_mm_lag3,0.3285925282301081,False
7,snowc,snowc_h7,B_atmosphere_snowfall_memory,20,sf_mm_lag1,0.3279119219309221,False
7,snowc,snowc_h7,B_atmosphere_snowfall_memory,21,sf_mm,0.325336868518427,False
7,snowc,snowc_h7,B_atmosphere_snowfall_memory,22,sf_mm_lag7,0.32435699563392895,False
7,snowc,snowc_h7,B_atmosphere_snowfall_memory,23,d2m_C,0.2727656524948685,False
7,snowc,snowc_h7,B_atmosphere_snowfall_memory,24,ssrd_W,0.24268872493450466,False
7,snowc,snowc_h7,B_atmosphere_snowfall_memory,25,strd_W,0.19891585512167964,False
7,snowc,snowc_h7,B_atmosphere_snowfall_memory,26,sp_hPa,0.19392462096642227,False
7,snowc,snowc_h7,B_atmosphere_snowfall_memory,27,ws,0.18322932759969923,False
7,snowc,snowc_h7,B_atmosphere_snowfall_memory,28,smlt_mm_lag1,0.15235746715789933,False
7,snowc,snowc_h7,B_atmosphere_snowfall_memory,29,smlt_mm_lag3,0.13682678361514267,False
7,snowc,snowc_h7,B_atmosphere_snowfall_memory,30,smlt_mm_lag7,0.10519109018183848,False
7,snowc,snowc_h7,B_atmosphere_snowfall_memory,31,tp_mm,0.09341661992450678,False
7,snowc,snowc_h7,B_atmosphere_snowfall_memory,32,tp_mm_lag3,0.09132463013945635,False
7,snowc,snowc_h7,B_atmosphere_snowfall_memory,33,tp_mm_lag1,0.08997032950064199,False
7,snowc,snowc_h7,B_atmosphere_snowfall_memory,34,tp_mm_lag7,0.08114464777662889,False
7,snowc,snowc_h7,C_full_reanalysis_state,1,sde_mm,0.7528676273556849,True
7,snowc,snowc_h7,C_full_reanalysis_state,2,sd_lag0,0.7254273267179272,True
7,snowc,snowc_h7,C_full_reanalysis_state,3,doy_cos,0.7047745059716481,True
7,snowc,snowc_h7,C_full_reanalysis_state,4,snowc_lag0,0.7040570294114987,True
7,snowc,snowc_h7,C_full_reanalysis_state,5,sd_lag1,0.7010331208958975,False
7,snowc,snowc_h7,C_full_reanalysis_state,6,doy_sin,0.6873459685297778,False
7,snowc,snowc_h7,C_full_reanalysis_state,7,t2m_C_lag7,0.6862958524754408,False
7,snowc,snowc_h7,C_full_reanalysis_state,8,rsn,0.6858457109336324,False
7,snowc,snowc_h7,C_full_reanalysis_state,9,snowc_lag1,0.677293605145973,False
7,snowc,snowc_h7,C_full_reanalysis_state,10,t2m_C_lag3,0.6764928472535576,False
7,snowc,snowc_h7,C_full_reanalysis_state,11,t2m_C_lag1,0.664810777665533,False
7,snowc,snowc_h7,C_full_reanalysis_state,12,t2m_C,0.660142896318165,False
7,snowc,snowc_h7,C_full_reanalysis_state,13,snowc_lag3,0.649798979321055,False
7,snowc,snowc_h7,C_full_reanalysis_state,14,sshf_W,0.6490630095737195,False
7,snowc,snowc_h7,C_full_reanalysis_state,15,sd_lag3,0.6472536385611285,False
7,snowc,snowc_h7,C_full_reanalysis_state,16,sd_lag7,0.5712234473041633,False
7,snowc,snowc_h7,C_full_reanalysis_state,17,snowc_lag7,0.5642572628992921,False
7,snowc,snowc_h7,C_full_reanalysis_state,18,ssro_mm,0.5220342089343717,False
7,snowc,snowc_h7,C_full_reanalysis_state,19,e_mm,0.5201942632867134,False
7,snowc,snowc_h7,C_full_reanalysis_state,20,net_radiation_W,0.5196839748436926,False
7,snowc,snowc_h7,C_full_reanalysis_state,21,tsn_C,0.5161328099301965,False
7,snowc,snowc_h7,C_full_reanalysis_state,22,slhf_W,0.5071240907622947,False
7,snowc,snowc_h7,C_full_reanalysis_state,23,ro_mm,0.4302155621061523,False
7,snowc,snowc_h7,C_full_reanalysis_state,24,sro_mm,0.3561743758793865,False
7,snowc,snowc_h7,C_full_reanalysis_state,25,sf_mm_lag3,0.33477782494990826,False
7,snowc,snowc_h7,C_full_reanalysis_state,26,sf_mm,0.3293118586681736,False
7,snowc,snowc_h7,C_full_reanalysis_state,27,sf_mm_lag7,0.3251608028645876,False
7,snowc,snowc_h7,C_full_reanalysis_state,28,sf_mm_lag1,0.32288291706650174,False
7,snowc,snowc_h7,C_full_reanalysis_state,29,d2m_C,0.27326457828196027,False
7,snowc,snowc_h7,C_full_reanalysis_state,30,ssrd_W,0.24258185478711347,False
7,snowc,snowc_h7,C_full_reanalysis_state,31,strd_W,0.1985090997877048,False
7,snowc,snowc_h7,C_full_reanalysis_state,32,sp_hPa,0.19402852431102602,False
7,snowc,snowc_h7,C_full_reanalysis_state,33,ws,0.18312522193078884,False
7,snowc,snowc_h7,C_full_reanalysis_state,34,smlt_mm_lag1,0.15001617098375597,False
7,snowc,snowc_h7,C_full_reanalysis_state,35,smlt_mm_lag3,0.12994303280388397,False
7,snowc,snowc_h7,C_full_reanalysis_state,36,smlt_mm_lag7,0.10755198234128116,False
7,snowc,snowc_h7,C_full_reanalysis_state,37,tp_mm,0.09567701159536135,False
7,snowc,snowc_h7,C_full_reanalysis_state,38,tp_mm_lag1,0.09305134638720247,False
7,snowc,snowc_h7,C_full_reanalysis_state,39,tp_mm_lag3,0.0896595119641832,False
7,snowc,snowc_h7,C_full_reanalysis_state,40,tp_mm_lag7,0.08380024696803634,False
7,sd,sd_h7,A_atmosphere_energy,1,doy_sin,0.7727196215917287,True
7,sd,sd_h7,A_atmosphere_energy,2,doy_cos,0.7708018105121441,True
7,sd,sd_h7,A_atmosphere_energy,3,sshf_W,0.7119628944749952,True
7,sd,sd_h7,A_atmosphere_energy,4,t2m_C,0.6449191195939097,True
7,sd,sd_h7,A_atmosphere_energy,5,e_mm,0.5750019299914202,True
7,sd,sd_h7,A_atmosphere_energy,6,slhf_W,0.5548556455454348,True
7,sd,sd_h7,A_atmosphere_energy,7,net_radiation_W,0.5267688275962206,True
7,sd,sd_h7,A_atmosphere_energy,8,ssrd_W,0.2999782962154667,True
7,sd,sd_h7,A_atmosphere_energy,9,d2m_C,0.2866884035727191,True
7,sd,sd_h7,A_atmosphere_energy,10,sp_hPa,0.20745396565709218,True
7,sd,sd_h7,A_atmosphere_energy,11,strd_W,0.20385805861701023,True
7,sd,sd_h7,A_atmosphere_energy,12,ws,0.17171580981898948,True
7,sd,sd_h7,A_atmosphere_energy,13,tp_mm,0.09122994083458646,False
7,sd,sd_h7,B_atmosphere_snowfall_memory,1,sd_lag0,1.7098163202448227,True
7,sd,sd_h7,B_atmosphere_snowfall_memory,2,sd_lag1,1.654236135356732,True
7,sd,sd_h7,B_atmosphere_snowfall_memory,3,sd_lag3,1.5732174857347774,True
7,sd,sd_h7,B_atmosphere_snowfall_memory,4,sd_lag7,1.4274359865739967,True
7,sd,sd_h7,B_atmosphere_snowfall_memory,5,doy_sin,0.7700435121894929,True
7,sd,sd_h7,B_atmosphere_snowfall_memory,6,snowc_lag0,0.7694067974805643,True
7,sd,sd_h7,B_atmosphere_snowfall_memory,7,doy_cos,0.7680602224228705,True
7,sd,sd_h7,B_atmosphere_snowfall_memory,8,snowc_lag1,0.75652511279231,True
7,sd,sd_h7,B_atmosphere_snowfall_memory,9,snowc_lag3,0.723136678351044,True
7,sd,sd_h7,B_atmosphere_snowfall_memory,10,sshf_W,0.7120395471207814,True
7,sd,sd_h7,B_atmosphere_snowfall_memory,11,t2m_C_lag7,0.6791443318948955,False
7,sd,sd_h7,B_atmosphere_snowfall_memory,12,snowc_lag7,0.671705169534333,False
7,sd,sd_h7,B_atmosphere_snowfall_memory,13,t2m_C_lag3,0.6624969293822289,False
7,sd,sd_h7,B_atmosphere_snowfall_memory,14,t2m_C_lag1,0.6494958772585093,False
7,sd,sd_h7,B_atmosphere_snowfall_memory,15,t2m_C,0.6438703974142044,False
7,sd,sd_h7,B_atmosphere_snowfall_memory,16,e_mm,0.574552293298936,False
7,sd,sd_h7,B_atmosphere_snowfall_memory,17,slhf_W,0.5546535638093095,False
7,sd,sd_h7,B_atmosphere_snowfall_memory,18,net_radiation_W,0.5276881683660513,False
7,sd,sd_h7,B_atmosphere_snowfall_memory,19,ssrd_W,0.2994739764986738,False
7,sd,sd_h7,B_atmosphere_snowfall_memory,20,d2m_C,0.28674225713845747,False
7,sd,sd_h7,B_atmosphere_snowfall_memory,21,sf_mm_lag3,0.282922679400202,False
7,sd,sd_h7,B_atmosphere_snowfall_memory,22,sf_mm_lag7,0.2778080966733638,False
7,sd,sd_h7,B_atmosphere_snowfall_memory,23,sf_mm_lag1,0.2700670062466335,False
7,sd,sd_h7,B_atmosphere_snowfall_memory,24,sf_mm,0.2644200863874797,False
7,sd,sd_h7,B_atmosphere_snowfall_memory,25,sp_hPa,0.2061238920313011,False
7,sd,sd_h7,B_atmosphere_snowfall_memory,26,strd_W,0.2038673255970469,False
7,sd,sd_h7,B_atmosphere_snowfall_memory,27,smlt_mm_lag1,0.18423886941328593,False
7,sd,sd_h7,B_atmosphere_snowfall_memory,28,ws,0.17217809674535633,False
7,sd,sd_h7,B_atmosphere_snowfall_memory,29,smlt_mm_lag3,0.16322701191842004,False
7,sd,sd_h7,B_atmosphere_snowfall_memory,30,smlt_mm_lag7,0.13643851909950833,False
7,sd,sd_h7,B_atmosphere_snowfall_memory,31,tp_mm_lag3,0.09539024851409827,False
7,sd,sd_h7,B_atmosphere_snowfall_memory,32,tp_mm,0.08976856673880906,False
7,sd,sd_h7,B_atmosphere_snowfall_memory,33,tp_mm_lag1,0.08757794822740017,False
7,sd,sd_h7,B_atmosphere_snowfall_memory,34,tp_mm_lag7,0.08530660691342629,False
7,sd,sd_h7,C_full_reanalysis_state,1,sd_lag0,1.7037473247771855,True
7,sd,sd_h7,C_full_reanalysis_state,2,sd_lag1,1.6617560160247464,True
7,sd,sd_h7,C_full_reanalysis_state,3,sd_lag3,1.5751922500317228,True
7,sd,sd_h7,C_full_reanalysis_state,4,sd_lag7,1.4220493770038534,True
7,sd,sd_h7,C_full_reanalysis_state,5,sde_mm,1.3461018588363247,True
7,sd,sd_h7,C_full_reanalysis_state,6,ssro_mm,0.9797412701963015,True
7,sd,sd_h7,C_full_reanalysis_state,7,rsn,0.946644441861352,True
7,sd,sd_h7,C_full_reanalysis_state,8,ro_mm,0.8490229247766159,True
7,sd,sd_h7,C_full_reanalysis_state,9,doy_sin,0.7700402360905194,True
7,sd,sd_h7,C_full_reanalysis_state,10,snowc_lag0,0.7686691711515059,True
7,sd,sd_h7,C_full_reanalysis_state,11,doy_cos,0.7663146244775971,True
7,sd,sd_h7,C_full_reanalysis_state,12,snowc_lag1,0.7523074813746984,True
7,sd,sd_h7,C_full_reanalysis_state,13,snowc_lag3,0.728992723775507,False
7,sd,sd_h7,C_full_reanalysis_state,14,sshf_W,0.7119232118222056,False
7,sd,sd_h7,C_full_reanalysis_state,15,t2m_C_lag7,0.6789183487624957,False
7,sd,sd_h7,C_full_reanalysis_state,16,snowc_lag7,0.6776538720519416,False
7,sd,sd_h7,C_full_reanalysis_state,17,t2m_C_lag3,0.6625876247773093,False
7,sd,sd_h7,C_full_reanalysis_state,18,t2m_C_lag1,0.649582851138188,False
7,sd,sd_h7,C_full_reanalysis_state,19,t2m_C,0.6442356672376448,False
7,sd,sd_h7,C_full_reanalysis_state,20,e_mm,0.5745037702125089,False
7,sd,sd_h7,C_full_reanalysis_state,21,slhf_W,0.5546023031411993,False
7,sd,sd_h7,C_full_reanalysis_state,22,net_radiation_W,0.5272784874631267,False
7,sd,sd_h7,C_full_reanalysis_state,23,tsn_C,0.513658149272497,False
7,sd,sd_h7,C_full_reanalysis_state,24,ssrd_W,0.29911362024734345,False
7,sd,sd_h7,C_full_reanalysis_state,25,sf_mm_lag3,0.2909989723930231,False
7,sd,sd_h7,C_full_reanalysis_state,26,d2m_C,0.2861975882561145,False
7,sd,sd_h7,C_full_reanalysis_state,27,sf_mm_lag7,0.28367897123350083,False
7,sd,sd_h7,C_full_reanalysis_state,28,sf_mm,0.2711821504366041,False
7,sd,sd_h7,C_full_reanalysis_state,29,sf_mm_lag1,0.27040774390351885,False
7,sd,sd_h7,C_full_reanalysis_state,30,sro_mm,0.2610975077768636,False
7,sd,sd_h7,C_full_reanalysis_state,31,sp_hPa,0.20667851449277563,False
7,sd,sd_h7,C_full_reanalysis_state,32,strd_W,0.20417340752096802,False
7,sd,sd_h7,C_full_reanalysis_state,33,smlt_mm_lag1,0.18694146584403626,False
7,sd,sd_h7,C_full_reanalysis_state,34,ws,0.172136470850087,False
7,sd,sd_h7,C_full_reanalysis_state,35,smlt_mm_lag3,0.1585832574813537,False
7,sd,sd_h7,C_full_reanalysis_state,36,smlt_mm_lag7,0.14418670043062498,False
7,sd,sd_h7,C_full_reanalysis_state,37,tp_mm,0.09220370287353674,False
7,sd,sd_h7,C_full_reanalysis_state,38,tp_mm_lag3,0.09218079613099484,False
7,sd,sd_h7,C_full_reanalysis_state,39,tp_mm_lag1,0.08926712863687047,False
7,sd,sd_h7,C_full_reanalysis_state,40,tp_mm_lag7,0.08692638305138178,False
7,smlt_mm,smlt_mm_h7,A_atmosphere_energy,1,doy_cos,0.4058925702388052,True
7,smlt_mm,smlt_mm_h7,A_atmosphere_energy,2,doy_sin,0.4051553661820124,True
7,smlt_mm,smlt_mm_h7,A_atmosphere_energy,3,t2m_C,0.31498843788149244,True
7,smlt_mm,smlt_mm_h7,A_atmosphere_energy,4,sshf_W,0.24814198199878312,True
7,smlt_mm,smlt_mm_h7,A_atmosphere_energy,5,net_radiation_W,0.20682913084543486,True
7,smlt_mm,smlt_mm_h7,A_atmosphere_energy,6,e_mm,0.16477855840116895,True
7,smlt_mm,smlt_mm_h7,A_atmosphere_energy,7,slhf_W,0.15601465704117778,True
7,smlt_mm,smlt_mm_h7,A_atmosphere_energy,8,d2m_C,0.07580233807353842,True
7,smlt_mm,smlt_mm_h7,A_atmosphere_energy,9,ssrd_W,0.06315923817824398,True
7,smlt_mm,smlt_mm_h7,A_atmosphere_energy,10,ws,0.04611781287778349,True
7,smlt_mm,smlt_mm_h7,A_atmosphere_energy,11,strd_W,0.04235421394482408,True
7,smlt_mm,smlt_mm_h7,A_atmosphere_energy,12,tp_mm,0.027572443850588435,True
7,smlt_mm,smlt_mm_h7,A_atmosphere_energy,13,sp_hPa,0.01367727827692633,False
7,smlt_mm,smlt_mm_h7,B_atmosphere_snowfall_memory,1,doy_cos,0.4108171844044559,True
7,smlt_mm,smlt_mm_h7,B_atmosphere_snowfall_memory,2,doy_sin,0.4089457452327032,True
7,smlt_mm,smlt_mm_h7,B_atmosphere_snowfall_memory,3,smlt_mm_lag1,0.33737192367288316,True
7,smlt_mm,smlt_mm_h7,B_atmosphere_snowfall_memory,4,sd_lag0,0.3257802072384104,True
7,smlt_mm,smlt_mm_h7,B_atmosphere_snowfall_memory,5,t2m_C,0.3150639671470845,True
7,smlt_mm,smlt_mm_h7,B_atmosphere_snowfall_memory,6,t2m_C_lag1,0.309699609010746,True
7,smlt_mm,smlt_mm_h7,B_atmosphere_snowfall_memory,7,t2m_C_lag3,0.29935169735486333,True
7,smlt_mm,smlt_mm_h7,B_atmosphere_snowfall_memory,8,t2m_C_lag7,0.29212845930888776,True
7,smlt_mm,smlt_mm_h7,B_atmosphere_snowfall_memory,9,sd_lag1,0.29024258339055997,False
7,smlt_mm,smlt_mm_h7,B_atmosphere_snowfall_memory,10,smlt_mm_lag3,0.2852418227569897,False
7,smlt_mm,smlt_mm_h7,B_atmosphere_snowfall_memory,11,sd_lag3,0.2607090187430474,False
7,smlt_mm,smlt_mm_h7,B_atmosphere_snowfall_memory,12,sd_lag7,0.2509749710614422,False
7,smlt_mm,smlt_mm_h7,B_atmosphere_snowfall_memory,13,sshf_W,0.24814647904152665,False
7,smlt_mm,smlt_mm_h7,B_atmosphere_snowfall_memory,14,snowc_lag0,0.224212333356415,False
7,smlt_mm,smlt_mm_h7,B_atmosphere_snowfall_memory,15,smlt_mm_lag7,0.2206059579673516,False
7,smlt_mm,smlt_mm_h7,B_atmosphere_snowfall_memory,16,snowc_lag1,0.20760891640331813,False
7,smlt_mm,smlt_mm_h7,B_atmosphere_snowfall_memory,17,net_radiation_W,0.20617247451819942,False
7,smlt_mm,smlt_mm_h7,B_atmosphere_snowfall_memory,18,snowc_lag3,0.1863786037741404,False
7,smlt_mm,smlt_mm_h7,B_atmosphere_snowfall_memory,19,snowc_lag7,0.16635174918932094,False
7,smlt_mm,smlt_mm_h7,B_atmosphere_snowfall_memory,20,e_mm,0.165303528690389,False
7,smlt_mm,smlt_mm_h7,B_atmosphere_snowfall_memory,21,slhf_W,0.15673257431537202,False
7,smlt_mm,smlt_mm_h7,B_atmosphere_snowfall_memory,22,d2m_C,0.07556396326098103,False
7,smlt_mm,smlt_mm_h7,B_atmosphere_snowfall_memory,23,ssrd_W,0.06339499522179715,False
7,smlt_mm,smlt_mm_h7,B_atmosphere_snowfall_memory,24,ws,0.045654704960695014,False
7,smlt_mm,smlt_mm_h7,B_atmosphere_snowfall_memory,25,strd_W,0.041507969491110686,False
7,smlt_mm,smlt_mm_h7,B_atmosphere_snowfall_memory,26,tp_mm,0.027828714678442168,False
7,smlt_mm,smlt_mm_h7,B_atmosphere_snowfall_memory,27,sf_mm_lag7,0.024753592683449455,False
7,smlt_mm,smlt_mm_h7,B_atmosphere_snowfall_memory,28,sf_mm,0.023676168606638015,False
7,smlt_mm,smlt_mm_h7,B_atmosphere_snowfall_memory,29,tp_mm_lag1,0.02342683465002615,False
7,smlt_mm,smlt_mm_h7,B_atmosphere_snowfall_memory,30,tp_mm_lag3,0.022970067660287086,False
7,smlt_mm,smlt_mm_h7,B_atmosphere_snowfall_memory,31,sf_mm_lag3,0.022760028583634018,False
7,smlt_mm,smlt_mm_h7,B_atmosphere_snowfall_memory,32,sf_mm_lag1,0.020846272358896023,False
7,smlt_mm,smlt_mm_h7,B_atmosphere_snowfall_memory,33,tp_mm_lag7,0.014695234754334763,False
7,smlt_mm,smlt_mm_h7,B_atmosphere_snowfall_memory,34,sp_hPa,0.013565183210715759,False
7,smlt_mm,smlt_mm_h7,C_full_reanalysis_state,1,rsn,0.42085155963843324,True
7,smlt_mm,smlt_mm_h7,C_full_reanalysis_state,2,doy_sin,0.4051820983462573,True
7,smlt_mm,smlt_mm_h7,C_full_reanalysis_state,3,doy_cos,0.4012237657900526,True
7,smlt_mm,smlt_mm_h7,C_full_reanalysis_state,4,smlt_mm_lag1,0.3423508159792359,True
7,smlt_mm,smlt_mm_h7,C_full_reanalysis_state,5,sd_lag0,0.3188354954976935,True
7,smlt_mm,smlt_mm_h7,C_full_reanalysis_state,6,t2m_C,0.3149677921882059,True
7,smlt_mm,smlt_mm_h7,C_full_reanalysis_state,7,t2m_C_lag1,0.3102383212705693,False
7,smlt_mm,smlt_mm_h7,C_full_reanalysis_state,8,sd_lag1,0.29986268299594965,False
7,smlt_mm,smlt_mm_h7,C_full_reanalysis_state,9,t2m_C_lag3,0.29938847311252026,False
7,smlt_mm,smlt_mm_h7,C_full_reanalysis_state,10,sro_mm,0.2920815521722453,False
7,smlt_mm,smlt_mm_h7,C_full_reanalysis_state,11,t2m_C_lag7,0.2917805314805175,False
7,smlt_mm,smlt_mm_h7,C_full_reanalysis_state,12,tsn_C,0.29143534068560406,False
7,smlt_mm,smlt_mm_h7,C_full_reanalysis_state,13,smlt_mm_lag3,0.29031664247277966,False
7,smlt_mm,smlt_mm_h7,C_full_reanalysis_state,14,sd_lag3,0.2629113293469274,False
7,smlt_mm,smlt_mm_h7,C_full_reanalysis_state,15,sde_mm,0.2577495482910095,False
7,smlt_mm,smlt_mm_h7,C_full_reanalysis_state,16,sshf_W,0.24836903942203392,False
7,smlt_mm,smlt_mm_h7,C_full_reanalysis_state,17,sd_lag7,0.2458013191658619,False
7,smlt_mm,smlt_mm_h7,C_full_reanalysis_state,18,smlt_mm_lag7,0.22300385439092452,False
7,smlt_mm,smlt_mm_h7,C_full_reanalysis_state,19,snowc_lag0,0.2185543178016669,False
7,smlt_mm,smlt_mm_h7,C_full_reanalysis_state,20,net_radiation_W,0.2063453909916646,False
7,smlt_mm,smlt_mm_h7,C_full_reanalysis_state,21,snowc_lag1,0.200868640071298,False
7,smlt_mm,smlt_mm_h7,C_full_reanalysis_state,22,ro_mm,0.19450717427231723,False
7,smlt_mm,smlt_mm_h7,C_full_reanalysis_state,23,snowc_lag3,0.19099234472237292,False
7,smlt_mm,smlt_mm_h7,C_full_reanalysis_state,24,e_mm,0.1654011183951294,False
7,smlt_mm,smlt_mm_h7,C_full_reanalysis_state,25,ssro_mm,0.15823725675709088,False
7,smlt_mm,smlt_mm_h7,C_full_reanalysis_state,26,snowc_lag7,0.15818612847246882,False
7,smlt_mm,smlt_mm_h7,C_full_reanalysis_state,27,slhf_W,0.1563426436162345,False
7,smlt_mm,smlt_mm_h7,C_full_reanalysis_state,28,d2m_C,0.07558200226721112,False
7,smlt_mm,smlt_mm_h7,C_full_reanalysis_state,29,ssrd_W,0.06391183779011556,False
7,smlt_mm,smlt_mm_h7,C_full_reanalysis_state,30,ws,0.04649941216850806,False
7,smlt_mm,smlt_mm_h7,C_full_reanalysis_state,31,strd_W,0.04212583324414432,False
7,smlt_mm,smlt_mm_h7,C_full_reanalysis_state,32,tp_mm,0.030096711820480238,False
7,smlt_mm,smlt_mm_h7,C_full_reanalysis_state,33,sf_mm,0.025665311710153738,False
7,smlt_mm,smlt_mm_h7,C_full_reanalysis_state,34,sf_mm_lag7,0.02546978444901704,False
7,smlt_mm,smlt_mm_h7,C_full_reanalysis_state,35,tp_mm_lag1,0.025444613909878733,False
7,smlt_mm,smlt_mm_h7,C_full_reanalysis_state,36,sf_mm_lag3,0.025356417089874128,False
7,smlt_mm,smlt_mm_h7,C_full_reanalysis_state,37,tp_mm_lag3,0.019639272484317516,False
7,smlt_mm,smlt_mm_h7,C_full_reanalysis_state,38,sf_mm_lag1,0.01836446035766759,False
7,smlt_mm,smlt_mm_h7,C_full_reanalysis_state,39,tp_mm_lag7,0.01479930829735121,False
7,smlt_mm,smlt_mm_h7,C_full_reanalysis_state,40,sp_hPa,0.01354976524967455,False
15,snowc,snowc_h15,A_atmosphere_energy,1,doy_cos,0.7034069431630234,True
15,snowc,snowc_h15,A_atmosphere_energy,2,doy_sin,0.698067856145876,True
15,snowc,snowc_h15,A_atmosphere_energy,3,t2m_C,0.6846615639382918,True
15,snowc,snowc_h15,A_atmosphere_energy,4,net_radiation_W,0.5775903673331051,True
15,snowc,snowc_h15,A_atmosphere_energy,5,sshf_W,0.5545275864696002,True
15,snowc,snowc_h15,A_atmosphere_energy,6,e_mm,0.48448865389607043,True
15,snowc,snowc_h15,A_atmosphere_energy,7,slhf_W,0.47262705308347286,True
15,snowc,snowc_h15,A_atmosphere_energy,8,d2m_C,0.3064879318353828,True
15,snowc,snowc_h15,A_atmosphere_energy,9,ssrd_W,0.3011969486826942,True
15,snowc,snowc_h15,A_atmosphere_energy,10,strd_W,0.2173278750422618,True
15,snowc,snowc_h15,A_atmosphere_energy,11,ws,0.20843674299519854,True
15,snowc,snowc_h15,A_atmosphere_energy,12,sp_hPa,0.17053650635816098,True
15,snowc,snowc_h15,A_atmosphere_energy,13,tp_mm,0.07719388123486048,False
15,snowc,snowc_h15,B_atmosphere_snowfall_memory,1,doy_cos,0.7106986078374575,True
15,snowc,snowc_h15,B_atmosphere_snowfall_memory,2,doy_sin,0.6984316151379124,True
15,snowc,snowc_h15,B_atmosphere_snowfall_memory,3,t2m_C,0.6843774150209914,True
15,snowc,snowc_h15,B_atmosphere_snowfall_memory,4,t2m_C_lag1,0.6816759862404869,True
15,snowc,snowc_h15,B_atmosphere_snowfall_memory,5,t2m_C_lag3,0.6788355002353246,True
15,snowc,snowc_h15,B_atmosphere_snowfall_memory,6,t2m_C_lag7,0.6578705162211644,True
15,snowc,snowc_h15,B_atmosphere_snowfall_memory,7,net_radiation_W,0.5777230349438849,True
15,snowc,snowc_h15,B_atmosphere_snowfall_memory,8,sd_lag0,0.568572089828316,True
15,snowc,snowc_h15,B_atmosphere_snowfall_memory,9,sshf_W,0.5545044916890927,False
15,snowc,snowc_h15,B_atmosphere_snowfall_memory,10,snowc_lag0,0.5444840351516627,False
15,snowc,snowc_h15,B_atmosphere_snowfall_memory,11,sd_lag1,0.5391630673220771,False
15,snowc,snowc_h15,B_atmosphere_snowfall_memory,12,snowc_lag1,0.5261837119384571,False
15,snowc,snowc_h15,B_atmosphere_snowfall_memory,13,snowc_lag3,0.5099541825514038,False
15,snowc,snowc_h15,B_atmosphere_snowfall_memory,14,sd_lag3,0.5069969989858247,False
15,snowc,snowc_h15,B_atmosphere_snowfall_memory,15,e_mm,0.4857028410833202,False
15,snowc,snowc_h15,B_atmosphere_snowfall_memory,16,slhf_W,0.47362699357013405,False
15,snowc,snowc_h15,B_atmosphere_snowfall_memory,17,sd_lag7,0.4654655396473073,False
15,snowc,snowc_h15,B_atmosphere_snowfall_memory,18,snowc_lag7,0.4601066343914644,False
15,snowc,snowc_h15,B_atmosphere_snowfall_memory,19,sf_mm,0.324106900805166,False
15,snowc,snowc_h15,B_atmosphere_snowfall_memory,20,sf_mm_lag1,0.32131910637130723,False
15,snowc,snowc_h15,B_atmosphere_snowfall_memory,21,sf_mm_lag3,0.31491671346481453,False
15,snowc,snowc_h15,B_atmosphere_snowfall_memory,22,d2m_C,0.3065376763703398,False
15,snowc,snowc_h15,B_atmosphere_snowfall_memory,23,ssrd_W,0.3019615367709392,False
15,snowc,snowc_h15,B_atmosphere_snowfall_memory,24,sf_mm_lag7,0.29803229357798067,False
15,snowc,snowc_h15,B_atmosphere_snowfall_memory,25,strd_W,0.21699991712285893,False
15,snowc,snowc_h15,B_atmosphere_snowfall_memory,26,ws,0.2074647552300526,False
15,snowc,snowc_h15,B_atmosphere_snowfall_memory,27,sp_hPa,0.1694154323939685,False
15,snowc,snowc_h15,B_atmosphere_snowfall_memory,28,smlt_mm_lag1,0.11001734176415834,False
15,snowc,snowc_h15,B_atmosphere_snowfall_memory,29,smlt_mm_lag3,0.09799581669117163,False
15,snowc,snowc_h15,B_atmosphere_snowfall_memory,30,smlt_mm_lag7,0.09382293931044661,False
15,snowc,snowc_h15,B_atmosphere_snowfall_memory,31,tp_mm,0.07720612154829176,False
15,snowc,snowc_h15,B_atmosphere_snowfall_memory,32,tp_mm_lag1,0.07547567830909063,False
15,snowc,snowc_h15,B_atmosphere_snowfall_memory,33,tp_mm_lag3,0.0732121845185496,False
15,snowc,snowc_h15,B_atmosphere_snowfall_memory,34,tp_mm_lag7,0.06448439901529834,False
15,snowc,snowc_h15,C_full_reanalysis_state,1,doy_cos,0.7065472489369196,True
15,snowc,snowc_h15,C_full_reanalysis_state,2,doy_sin,0.696755395993697,True
15,snowc,snowc_h15,C_full_reanalysis_state,3,t2m_C,0.6848587483311572,True
15,snowc,snowc_h15,C_full_reanalysis_state,4,t2m_C_lag1,0.6809869036968159,True
15,snowc,snowc_h15,C_full_reanalysis_state,5,t2m_C_lag3,0.6785843321587315,True
15,snowc,snowc_h15,C_full_reanalysis_state,6,t2m_C_lag7,0.6583101502363942,True
15,snowc,snowc_h15,C_full_reanalysis_state,7,rsn,0.6226661692559219,True
15,snowc,snowc_h15,C_full_reanalysis_state,8,net_radiation_W,0.5773934613038421,True
15,snowc,snowc_h15,C_full_reanalysis_state,9,sde_mm,0.5772552426420736,True
15,snowc,snowc_h15,C_full_reanalysis_state,10,sd_lag0,0.5617552479023109,True
15,snowc,snowc_h15,C_full_reanalysis_state,11,sshf_W,0.5552229696852731,False
15,snowc,snowc_h15,C_full_reanalysis_state,12,snowc_lag0,0.5516912538734307,False
15,snowc,snowc_h15,C_full_reanalysis_state,13,ssro_mm,0.5487486167893785,False
15,snowc,snowc_h15,C_full_reanalysis_state,14,sd_lag1,0.5411678505104733,False
15,snowc,snowc_h15,C_full_reanalysis_state,15,snowc_lag1,0.5313621881436132,False
15,snowc,snowc_h15,C_full_reanalysis_state,16,sd_lag3,0.5150341168806563,False
15,snowc,snowc_h15,C_full_reanalysis_state,17,snowc_lag3,0.5133137003561217,False
15,snowc,snowc_h15,C_full_reanalysis_state,18,e_mm,0.4855346441354751,False
15,snowc,snowc_h15,C_full_reanalysis_state,19,tsn_C,0.48467542990752754,False
15,snowc,snowc_h15,C_full_reanalysis_state,20,slhf_W,0.4745657784494348,False
15,snowc,snowc_h15,C_full_reanalysis_state,21,sd_lag7,0.46280934893333825,False
15,snowc,snowc_h15,C_full_reanalysis_state,22,snowc_lag7,0.4575049102603197,False
15,snowc,snowc_h15,C_full_reanalysis_state,23,ro_mm,0.42969589511841555,False
15,snowc,snowc_h15,C_full_reanalysis_state,24,sf_mm_lag1,0.3216897556457097,False
15,snowc,snowc_h15,C_full_reanalysis_state,25,sf_mm,0.32000254910163317,False
15,snowc,snowc_h15,C_full_reanalysis_state,26,sf_mm_lag3,0.3073149137988702,False
15,snowc,snowc_h15,C_full_reanalysis_state,27,d2m_C,0.3066727911883156,False
15,snowc,snowc_h15,C_full_reanalysis_state,28,ssrd_W,0.30126164807086653,False
15,snowc,snowc_h15,C_full_reanalysis_state,29,sro_mm,0.299797965805908,False
15,snowc,snowc_h15,C_full_reanalysis_state,30,sf_mm_lag7,0.29524065146940703,False
15,snowc,snowc_h15,C_full_reanalysis_state,31,strd_W,0.2171382486601594,False
15,snowc,snowc_h15,C_full_reanalysis_state,32,ws,0.20748144797474843,False
15,snowc,snowc_h15,C_full_reanalysis_state,33,sp_hPa,0.17029221431312536,False
15,snowc,snowc_h15,C_full_reanalysis_state,34,smlt_mm_lag1,0.10831337119742468,False
15,snowc,snowc_h15,C_full_reanalysis_state,35,smlt_mm_lag3,0.10364202771371378,False
15,snowc,snowc_h15,C_full_reanalysis_state,36,smlt_mm_lag7,0.09995912779160943,False
15,snowc,snowc_h15,C_full_reanalysis_state,37,tp_mm,0.08210048720101337,False
15,snowc,snowc_h15,C_full_reanalysis_state,38,tp_mm_lag1,0.07844689179693365,False
15,snowc,snowc_h15,C_full_reanalysis_state,39,tp_mm_lag3,0.07571006969927119,False
15,snowc,snowc_h15,C_full_reanalysis_state,40,tp_mm_lag7,0.0682972113803002,False
15,sd,sd_h15,A_atmosphere_energy,1,doy_cos,0.7696194922771369,True
15,sd,sd_h15,A_atmosphere_energy,2,doy_sin,0.7317137108173446,True
15,sd,sd_h15,A_atmosphere_energy,3,t2m_C,0.6842673094420322,True
15,sd,sd_h15,A_atmosphere_energy,4,sshf_W,0.6313669814153249,True
15,sd,sd_h15,A_atmosphere_energy,5,net_radiation_W,0.5781144780601455,True
15,sd,sd_h15,A_atmosphere_energy,6,e_mm,0.5418954589907585,True
15,sd,sd_h15,A_atmosphere_energy,7,slhf_W,0.5260585724210154,True
15,sd,sd_h15,A_atmosphere_energy,8,ssrd_W,0.3539025085972476,True
15,sd,sd_h15,A_atmosphere_energy,9,d2m_C,0.3098890191451238,True
15,sd,sd_h15,A_atmosphere_energy,10,sp_hPa,0.21565882961344585,True
15,sd,sd_h15,A_atmosphere_energy,11,strd_W,0.2130539966750904,True
15,sd,sd_h15,A_atmosphere_energy,12,ws,0.205145436604246,True
15,sd,sd_h15,A_atmosphere_energy,13,tp_mm,0.08251387953949685,False
15,sd,sd_h15,B_atmosphere_snowfall_memory,1,sd_lag0,1.4108668590450915,True
15,sd,sd_h15,B_atmosphere_snowfall_memory,2,sd_lag1,1.3836817303546258,True
15,sd,sd_h15,B_atmosphere_snowfall_memory,3,sd_lag3,1.3471916521218787,True
15,sd,sd_h15,B_atmosphere_snowfall_memory,4,sd_lag7,1.2488098708996764,True
15,sd,sd_h15,B_atmosphere_snowfall_memory,5,doy_cos,0.7741811736287145,True
15,sd,sd_h15,B_atmosphere_snowfall_memory,6,doy_sin,0.732109158853925,True
15,sd,sd_h15,B_atmosphere_snowfall_memory,7,t2m_C_lag3,0.6907991130910522,True
15,sd,sd_h15,B_atmosphere_snowfall_memory,8,t2m_C_lag7,0.6877376998676228,True
15,sd,sd_h15,B_atmosphere_snowfall_memory,9,t2m_C,0.6846743495996366,True
15,sd,sd_h15,B_atmosphere_snowfall_memory,10,t2m_C_lag1,0.6764293919025466,True
15,sd,sd_h15,B_atmosphere_snowfall_memory,11,snowc_lag0,0.6576186206163048,True
15,sd,sd_h15,B_atmosphere_snowfall_memory,12,snowc_lag1,0.6498929019063353,True
15,sd,sd_h15,B_atmosphere_snowfall_memory,13,snowc_lag3,0.6342302191555307,False
15,sd,sd_h15,B_atmosphere_snowfall_memory,14,sshf_W,0.6316848015402261,False
15,sd,sd_h15,B_atmosphere_snowfall_memory,15,snowc_lag7,0.5890329653296531,False
15,sd,sd_h15,B_atmosphere_snowfall_memory,16,net_radiation_W,0.5782341568076239,False
15,sd,sd_h15,B_atmosphere_snowfall_memory,17,e_mm,0.5411149211843567,False
15,sd,sd_h15,B_atmosphere_snowfall_memory,18,slhf_W,0.5256435968839819,False
15,sd,sd_h15,B_atmosphere_snowfall_memory,19,ssrd_W,0.35376444648013905,False
15,sd,sd_h15,B_atmosphere_snowfall_memory,20,d2m_C,0.30949499677105496,False
15,sd,sd_h15,B_atmosphere_snowfall_memory,21,sf_mm_lag3,0.2931032014499335,False
15,sd,sd_h15,B_atmosphere_snowfall_memory,22,sf_mm,0.28622186595127186,False
15,sd,sd_h15,B_atmosphere_snowfall_memory,23,sf_mm_lag1,0.28530690668529246,False
15,sd,sd_h15,B_atmosphere_snowfall_memory,24,sf_mm_lag7,0.2728221025047093,False
15,sd,sd_h15,B_atmosphere_snowfall_memory,25,sp_hPa,0.2151462860675215,False
15,sd,sd_h15,B_atmosphere_snowfall_memory,26,strd_W,0.2132744649377747,False
15,sd,sd_h15,B_atmosphere_snowfall_memory,27,ws,0.20537679411833132,False
15,sd,sd_h15,B_atmosphere_snowfall_memory,28,smlt_mm_lag1,0.14151109941463602,False
15,sd,sd_h15,B_atmosphere_snowfall_memory,29,smlt_mm_lag7,0.13750871213814087,False
15,sd,sd_h15,B_atmosphere_snowfall_memory,30,smlt_mm_lag3,0.12642129557318516,False
15,sd,sd_h15,B_atmosphere_snowfall_memory,31,tp_mm,0.0825923567117659,False
15,sd,sd_h15,B_atmosphere_snowfall_memory,32,tp_mm_lag3,0.08255587293603384,False
15,sd,sd_h15,B_atmosphere_snowfall_memory,33,tp_mm_lag1,0.08114587465603051,False
15,sd,sd_h15,B_atmosphere_snowfall_memory,34,tp_mm_lag7,0.07489133348530341,False
15,sd,sd_h15,C_full_reanalysis_state,1,sd_lag0,1.4044558339251143,True
15,sd,sd_h15,C_full_reanalysis_state,2,sd_lag1,1.3830206765685853,True
15,sd,sd_h15,C_full_reanalysis_state,3,sd_lag3,1.3548743354608392,True
15,sd,sd_h15,C_full_reanalysis_state,4,sd_lag7,1.245816026606204,True
15,sd,sd_h15,C_full_reanalysis_state,5,sde_mm,1.1343067444858281,True
15,sd,sd_h15,C_full_reanalysis_state,6,ssro_mm,1.0124256215763925,True
15,sd,sd_h15,C_full_reanalysis_state,7,rsn,0.9026574849653484,True
15,sd,sd_h15,C_full_reanalysis_state,8,ro_mm,0.8271165311344681,True
15,sd,sd_h15,C_full_reanalysis_state,9,doy_cos,0.7735388005443342,True
15,sd,sd_h15,C_full_reanalysis_state,10,doy_sin,0.7344144646468003,True
15,sd,sd_h15,C_full_reanalysis_state,11,t2m_C_lag3,0.6903492885260052,False
15,sd,sd_h15,C_full_reanalysis_state,12,t2m_C_lag7,0.6882612696919397,False
15,sd,sd_h15,C_full_reanalysis_state,13,t2m_C,0.6853165445042304,False
15,sd,sd_h15,C_full_reanalysis_state,14,t2m_C_lag1,0.6759798416875586,False
15,sd,sd_h15,C_full_reanalysis_state,15,snowc_lag0,0.6628077429959012,False
15,sd,sd_h15,C_full_reanalysis_state,16,snowc_lag1,0.6535868219501886,False
15,sd,sd_h15,C_full_reanalysis_state,17,snowc_lag3,0.6343715091257227,False
15,sd,sd_h15,C_full_reanalysis_state,18,sshf_W,0.631297590327561,False
15,sd,sd_h15,C_full_reanalysis_state,19,snowc_lag7,0.5853721832000911,False
15,sd,sd_h15,C_full_reanalysis_state,20,net_radiation_W,0.5783860086301109,False
15,sd,sd_h15,C_full_reanalysis_state,21,e_mm,0.5415163145945909,False
15,sd,sd_h15,C_full_reanalysis_state,22,slhf_W,0.52566761529852,False
15,sd,sd_h15,C_full_reanalysis_state,23,tsn_C,0.48019939005207046,False
15,sd,sd_h15,C_full_reanalysis_state,24,ssrd_W,0.35383112143302675,False
15,sd,sd_h15,C_full_reanalysis_state,25,d2m_C,0.3098817846188773,False
15,sd,sd_h15,C_full_reanalysis_state,26,sf_mm_lag3,0.2859129511694247,False
15,sd,sd_h15,C_full_reanalysis_state,27,sf_mm_lag1,0.2851659025915154,False
15,sd,sd_h15,C_full_reanalysis_state,28,sf_mm,0.27794631473923115,False
15,sd,sd_h15,C_full_reanalysis_state,29,sf_mm_lag7,0.26859411179245907,False
15,sd,sd_h15,C_full_reanalysis_state,30,sro_mm,0.2184208588367067,False
15,sd,sd_h15,C_full_reanalysis_state,31,sp_hPa,0.21576985350187705,False
15,sd,sd_h15,C_full_reanalysis_state,32,strd_W,0.2134399904485429,False
15,sd,sd_h15,C_full_reanalysis_state,33,ws,0.2051949607346808,False
15,sd,sd_h15,C_full_reanalysis_state,34,smlt_mm_lag1,0.1370148795927255,False
15,sd,sd_h15,C_full_reanalysis_state,35,smlt_mm_lag7,0.13578034003010586,False
15,sd,sd_h15,C_full_reanalysis_state,36,smlt_mm_lag3,0.13180083946224652,False
15,sd,sd_h15,C_full_reanalysis_state,37,tp_mm_lag3,0.08561463019733395,False
15,sd,sd_h15,C_full_reanalysis_state,38,tp_mm,0.08458152599782753,False
15,sd,sd_h15,C_full_reanalysis_state,39,tp_mm_lag1,0.0841701593404034,False
15,sd,sd_h15,C_full_reanalysis_state,40,tp_mm_lag7,0.07914008902890579,False
15,smlt_mm,smlt_mm_h15,A_atmosphere_energy,1,doy_sin,0.43613845462364775,True
15,smlt_mm,smlt_mm_h15,A_atmosphere_energy,2,doy_cos,0.42776997683277074,True
15,smlt_mm,smlt_mm_h15,A_atmosphere_energy,3,t2m_C,0.28450028908881464,True
15,smlt_mm,smlt_mm_h15,A_atmosphere_energy,4,sshf_W,0.23442067465888883,True
15,smlt_mm,smlt_mm_h15,A_atmosphere_energy,5,net_radiation_W,0.20162487917711402,True
15,smlt_mm,smlt_mm_h15,A_atmosphere_energy,6,e_mm,0.15452436380326517,True
15,smlt_mm,smlt_mm_h15,A_atmosphere_energy,7,slhf_W,0.13982978442485283,True
15,smlt_mm,smlt_mm_h15,A_atmosphere_energy,8,ssrd_W,0.07639960990763939,True
15,smlt_mm,smlt_mm_h15,A_atmosphere_energy,9,d2m_C,0.06698108861335506,True
15,smlt_mm,smlt_mm_h15,A_atmosphere_energy,10,ws,0.044031138858343866,True
15,smlt_mm,smlt_mm_h15,A_atmosphere_energy,11,strd_W,0.038687868413552096,True
15,smlt_mm,smlt_mm_h15,A_atmosphere_energy,12,tp_mm,0.020493233944757883,True
15,smlt_mm,smlt_mm_h15,A_atmosphere_energy,13,sp_hPa,0.014148649697297344,False
15,smlt_mm,smlt_mm_h15,B_atmosphere_snowfall_memory,1,doy_sin,0.4359330654044733,True
15,smlt_mm,smlt_mm_h15,B_atmosphere_snowfall_memory,2,doy_cos,0.4332218690966574,True
15,smlt_mm,smlt_mm_h15,B_atmosphere_snowfall_memory,3,t2m_C,0.2844329682666835,True
15,smlt_mm,smlt_mm_h15,B_atmosphere_snowfall_memory,4,sd_lag7,0.279243220647718,True
15,smlt_mm,smlt_mm_h15,B_atmosphere_snowfall_memory,5,t2m_C_lag1,0.2720179662910063,True
15,smlt_mm,smlt_mm_h15,B_atmosphere_snowfall_memory,6,t2m_C_lag3,0.2646475900780558,True
15,smlt_mm,smlt_mm_h15,B_atmosphere_snowfall_memory,7,sd_lag0,0.26176254097191265,True
15,smlt_mm,smlt_mm_h15,B_atmosphere_snowfall_memory,8,sd_lag3,0.25123721474216154,True
15,smlt_mm,smlt_mm_h15,B_atmosphere_snowfall_memory,9,sd_lag1,0.24956643987423188,True
15,smlt_mm,smlt_mm_h15,B_atmosphere_snowfall_memory,10,t2m_C_lag7,0.24538207322313355,True
15,smlt_mm,smlt_mm_h15,B_atmosphere_snowfall_memory,11,sshf_W,0.2342627383740794,False
15,smlt_mm,smlt_mm_h15,B_atmosphere_snowfall_memory,12,smlt_mm_lag1,0.20875305888785167,False
15,smlt_mm,smlt_mm_h15,B_atmosphere_snowfall_memory,13,net_radiation_W,0.20181687697481898,False
15,smlt_mm,smlt_mm_h15,B_atmosphere_snowfall_memory,14,smlt_mm_lag3,0.17853361808238155,False
15,smlt_mm,smlt_mm_h15,B_atmosphere_snowfall_memory,15,e_mm,0.15513043502457613,False
15,smlt_mm,smlt_mm_h15,B_atmosphere_snowfall_memory,16,snowc_lag0,0.14893740648991027,False
15,smlt_mm,smlt_mm_h15,B_atmosphere_snowfall_memory,17,snowc_lag1,0.14414244855807823,False
15,smlt_mm,smlt_mm_h15,B_atmosphere_snowfall_memory,18,slhf_W,0.14102942413009778,False
15,smlt_mm,smlt_mm_h15,B_atmosphere_snowfall_memory,19,smlt_mm_lag7,0.1355465147321473,False
15,smlt_mm,smlt_mm_h15,B_atmosphere_snowfall_memory,20,snowc_lag3,0.1312938410967508,False
15,smlt_mm,smlt_mm_h15,B_atmosphere_snowfall_memory,21,snowc_lag7,0.1140173107673439,False
15,smlt_mm,smlt_mm_h15,B_atmosphere_snowfall_memory,22,ssrd_W,0.0761242353719016,False
15,smlt_mm,smlt_mm_h15,B_atmosphere_snowfall_memory,23,d2m_C,0.06668493817298682,False
15,smlt_mm,smlt_mm_h15,B_atmosphere_snowfall_memory,24,ws,0.044269199248773816,False
15,smlt_mm,smlt_mm_h15,B_atmosphere_snowfall_memory,25,strd_W,0.0392092882406434,False
15,smlt_mm,smlt_mm_h15,B_atmosphere_snowfall_memory,26,sf_mm_lag1,0.02688242464427315,False
15,smlt_mm,smlt_mm_h15,B_atmosphere_snowfall_memory,27,sf_mm,0.024593284444688557,False
15,smlt_mm,smlt_mm_h15,B_atmosphere_snowfall_memory,28,sf_mm_lag3,0.023964750168717686,False
15,smlt_mm,smlt_mm_h15,B_atmosphere_snowfall_memory,29,tp_mm_lag1,0.021609105562346187,False
15,smlt_mm,smlt_mm_h15,B_atmosphere_snowfall_memory,30,tp_mm,0.019520033105143497,False
15,smlt_mm,smlt_mm_h15,B_atmosphere_snowfall_memory,31,sf_mm_lag7,0.01846047724766553,False
15,smlt_mm,smlt_mm_h15,B_atmosphere_snowfall_memory,32,tp_mm_lag3,0.017200870014041136,False
15,smlt_mm,smlt_mm_h15,B_atmosphere_snowfall_memory,33,tp_mm_lag7,0.016806274748069505,False
15,smlt_mm,smlt_mm_h15,B_atmosphere_snowfall_memory,34,sp_hPa,0.014452463106900737,False
15,smlt_mm,smlt_mm_h15,C_full_reanalysis_state,1,doy_sin,0.4389993477094656,True
15,smlt_mm,smlt_mm_h15,C_full_reanalysis_state,2,doy_cos,0.4342579404372655,True
15,smlt_mm,smlt_mm_h15,C_full_reanalysis_state,3,rsn,0.3516160922337246,True
15,smlt_mm,smlt_mm_h15,C_full_reanalysis_state,4,t2m_C,0.2847553388317561,True
15,smlt_mm,smlt_mm_h15,C_full_reanalysis_state,5,sd_lag7,0.2746403197726073,True
15,smlt_mm,smlt_mm_h15,C_full_reanalysis_state,6,t2m_C_lag1,0.27184288547426405,True
15,smlt_mm,smlt_mm_h15,C_full_reanalysis_state,7,t2m_C_lag3,0.2637577610450119,True
15,smlt_mm,smlt_mm_h15,C_full_reanalysis_state,8,sd_lag3,0.26030070991734977,True
15,smlt_mm,smlt_mm_h15,C_full_reanalysis_state,9,sd_lag0,0.2556713686618677,False
15,smlt_mm,smlt_mm_h15,C_full_reanalysis_state,10,sd_lag1,0.25307771055848693,False
15,smlt_mm,smlt_mm_h15,C_full_reanalysis_state,11,t2m_C_lag7,0.24481826901233994,False
15,smlt_mm,smlt_mm_h15,C_full_reanalysis_state,12,sshf_W,0.2351121534028522,False
15,smlt_mm,smlt_mm_h15,C_full_reanalysis_state,13,tsn_C,0.21032753372814117,False
15,smlt_mm,smlt_mm_h15,C_full_reanalysis_state,14,net_radiation_W,0.20171796273324105,False
15,smlt_mm,smlt_mm_h15,C_full_reanalysis_state,15,smlt_mm_lag1,0.19879354357270262,False
15,smlt_mm,smlt_mm_h15,C_full_reanalysis_state,16,smlt_mm_lag3,0.18163214116178406,False
15,smlt_mm,smlt_mm_h15,C_full_reanalysis_state,17,sde_mm,0.17303060463452447,False
15,smlt_mm,smlt_mm_h15,C_full_reanalysis_state,18,sro_mm,0.1701068771134766,False
15,smlt_mm,smlt_mm_h15,C_full_reanalysis_state,19,snowc_lag0,0.16543192692954634,False
15,smlt_mm,smlt_mm_h15,C_full_reanalysis_state,20,e_mm,0.15497003978627433,False
15,smlt_mm,smlt_mm_h15,C_full_reanalysis_state,21,ssro_mm,0.14433714599224068,False
15,smlt_mm,smlt_mm_h15,C_full_reanalysis_state,22,snowc_lag1,0.14229408012320732,False
15,smlt_mm,smlt_mm_h15,C_full_reanalysis_state,23,smlt_mm_lag7,0.14091528346496318,False
15,smlt_mm,smlt_mm_h15,C_full_reanalysis_state,24,slhf_W,0.1407156582789657,False
15,smlt_mm,smlt_mm_h15,C_full_reanalysis_state,25,snowc_lag3,0.13847125120186377,False
15,smlt_mm,smlt_mm_h15,C_full_reanalysis_state,26,ro_mm,0.13599983278586514,False
15,smlt_mm,smlt_mm_h15,C_full_reanalysis_state,27,snowc_lag7,0.11904883606175254,False
15,smlt_mm,smlt_mm_h15,C_full_reanalysis_state,28,ssrd_W,0.07623974025508673,False
15,smlt_mm,smlt_mm_h15,C_full_reanalysis_state,29,d2m_C,0.06632213042618496,False
15,smlt_mm,smlt_mm_h15,C_full_reanalysis_state,30,ws,0.04383566066591982,False
15,smlt_mm,smlt_mm_h15,C_full_reanalysis_state,31,strd_W,0.03858657809552568,False
15,smlt_mm,smlt_mm_h15,C_full_reanalysis_state,32,tp_mm_lag1,0.027002472153951906,False
15,smlt_mm,smlt_mm_h15,C_full_reanalysis_state,33,sf_mm_lag1,0.02683302555519873,False
15,smlt_mm,smlt_mm_h15,C_full_reanalysis_state,34,sf_mm,0.02351873585291564,False
15,smlt_mm,smlt_mm_h15,C_full_reanalysis_state,35,tp_mm,0.022836399364139837,False
15,smlt_mm,smlt_mm_h15,C_full_reanalysis_state,36,sf_mm_lag3,0.020630796362326898,False
15,smlt_mm,smlt_mm_h15,C_full_reanalysis_state,37,tp_mm_lag7,0.019330362662556055,False
15,smlt_mm,smlt_mm_h15,C_full_reanalysis_state,38,sf_mm_lag7,0.01917700996730254,False
15,smlt_mm,smlt_mm_h15,C_full_reanalysis_state,39,tp_mm_lag3,0.015908150097362572,False
15,smlt_mm,smlt_mm_h15,C_full_reanalysis_state,40,sp_hPa,0.014210360023483304,False
30,snowc,snowc_h30,A_atmosphere_energy,1,doy_sin,0.7284969736157851,True
30,snowc,snowc_h30,A_atmosphere_energy,2,doy_cos,0.720908728214579,True
30,snowc,snowc_h30,A_atmosphere_energy,3,net_radiation_W,0.6778233311793187,True
30,snowc,snowc_h30,A_atmosphere_energy,4,t2m_C,0.6092307684848741,True
30,snowc,snowc_h30,A_atmosphere_energy,5,sshf_W,0.4529580080385216,True
30,snowc,snowc_h30,A_atmosphere_energy,6,e_mm,0.426580529484168,True
30,snowc,snowc_h30,A_atmosphere_energy,7,slhf_W,0.4200410920942339,True
30,snowc,snowc_h30,A_atmosphere_energy,8,ssrd_W,0.4087087556784912,True
30,snowc,snowc_h30,A_atmosphere_energy,9,d2m_C,0.3400127862787734,False
30,snowc,snowc_h30,A_atmosphere_energy,10,strd_W,0.2482532045989263,False
30,snowc,snowc_h30,A_atmosphere_energy,11,ws,0.2071171510007197,False
30,snowc,snowc_h30,A_atmosphere_energy,12,sp_hPa,0.14516100904549312,False
30,snowc,snowc_h30,A_atmosphere_energy,13,tp_mm,0.0570868021358546,False
30,snowc,snowc_h30,B_atmosphere_snowfall_memory,1,doy_sin,0.7303092438926022,True
30,snowc,snowc_h30,B_atmosphere_snowfall_memory,2,doy_cos,0.7299324858237517,True
30,snowc,snowc_h30,B_atmosphere_snowfall_memory,3,net_radiation_W,0.6780970796435959,True
30,snowc,snowc_h30,B_atmosphere_snowfall_memory,4,t2m_C,0.6093888278879298,True
30,snowc,snowc_h30,B_atmosphere_snowfall_memory,5,t2m_C_lag1,0.6075420472072892,True
30,snowc,snowc_h30,B_atmosphere_snowfall_memory,6,t2m_C_lag3,0.5904516810352742,True
30,snowc,snowc_h30,B_atmosphere_snowfall_memory,7,t2m_C_lag7,0.5521806200842416,True
30,snowc,snowc_h30,B_atmosphere_snowfall_memory,8,sshf_W,0.45268518661376156,True
30,snowc,snowc_h30,B_atmosphere_snowfall_memory,9,e_mm,0.4269157754025805,True
30,snowc,snowc_h30,B_atmosphere_snowfall_memory,10,slhf_W,0.4205888141275196,True
30,snowc,snowc_h30,B_atmosphere_snowfall_memory,11,ssrd_W,0.4084884497284431,True
30,snowc,snowc_h30,B_atmosphere_snowfall_memory,12,sd_lag0,0.3820900351232286,True
30,snowc,snowc_h30,B_atmosphere_snowfall_memory,13,snowc_lag0,0.37304435138691083,False
30,snowc,snowc_h30,B_atmosphere_snowfall_memory,14,sd_lag1,0.37171707002296994,False
30,snowc,snowc_h30,B_atmosphere_snowfall_memory,15,snowc_lag1,0.35761459515163807,False
30,snowc,snowc_h30,B_atmosphere_snowfall_memory,16,sd_lag3,0.35029793398860853,False
30,snowc,snowc_h30,B_atmosphere_snowfall_memory,17,d2m_C,0.3401000329115096,False
30,snowc,snowc_h30,B_atmosphere_snowfall_memory,18,snowc_lag3,0.33231230998544703,False
30,snowc,snowc_h30,B_atmosphere_snowfall_memory,19,sd_lag7,0.315370303679277,False
30,snowc,snowc_h30,B_atmosphere_snowfall_memory,20,snowc_lag7,0.29554620445928403,False
30,snowc,snowc_h30,B_atmosphere_snowfall_memory,21,sf_mm,0.2709389842565102,False
30,snowc,snowc_h30,B_atmosphere_snowfall_memory,22,sf_mm_lag1,0.26251355100004137,False
30,snowc,snowc_h30,B_atmosphere_snowfall_memory,23,sf_mm_lag3,0.25952436828642345,False
30,snowc,snowc_h30,B_atmosphere_snowfall_memory,24,strd_W,0.24786618654701442,False
30,snowc,snowc_h30,B_atmosphere_snowfall_memory,25,sf_mm_lag7,0.22704990267505298,False
30,snowc,snowc_h30,B_atmosphere_snowfall_memory,26,ws,0.2066075048902576,False
30,snowc,snowc_h30,B_atmosphere_snowfall_memory,27,sp_hPa,0.1444644555420922,False
30,snowc,snowc_h30,B_atmosphere_snowfall_memory,28,smlt_mm_lag3,0.10303117439274523,False
30,snowc,snowc_h30,B_atmosphere_snowfall_memory,29,smlt_mm_lag1,0.09096655468597792,False
30,snowc,snowc_h30,B_atmosphere_snowfall_memory,30,smlt_mm_lag7,0.08945296778204614,False
30,snowc,snowc_h30,B_atmosphere_snowfall_memory,31,tp_mm,0.06469007730749521,False
30,snowc,snowc_h30,B_atmosphere_snowfall_memory,32,tp_mm_lag1,0.060269403478012684,False
30,snowc,snowc_h30,B_atmosphere_snowfall_memory,33,tp_mm_lag3,0.05718095104290288,False
30,snowc,snowc_h30,B_atmosphere_snowfall_memory,34,tp_mm_lag7,0.047850611602621385,False
30,snowc,snowc_h30,C_full_reanalysis_state,1,doy_sin,0.7277326939367326,True
30,snowc,snowc_h30,C_full_reanalysis_state,2,doy_cos,0.7200683494617657,True
30,snowc,snowc_h30,C_full_reanalysis_state,3,net_radiation_W,0.6774811502563107,True
30,snowc,snowc_h30,C_full_reanalysis_state,4,t2m_C,0.6096504828159652,True
30,snowc,snowc_h30,C_full_reanalysis_state,5,ssro_mm,0.6075900385228863,True
30,snowc,snowc_h30,C_full_reanalysis_state,6,t2m_C_lag1,0.6070310918845383,True
30,snowc,snowc_h30,C_full_reanalysis_state,7,t2m_C_lag3,0.5895951918502025,True
30,snowc,snowc_h30,C_full_reanalysis_state,8,t2m_C_lag7,0.5531653186291372,True
30,snowc,snowc_h30,C_full_reanalysis_state,9,rsn,0.544541680092113,True
30,snowc,snowc_h30,C_full_reanalysis_state,10,tsn_C,0.4827777606896122,True
30,snowc,snowc_h30,C_full_reanalysis_state,11,ro_mm,0.4678959149152302,True
30,snowc,snowc_h30,C_full_reanalysis_state,12,sshf_W,0.4534096917726753,True
30,snowc,snowc_h30,C_full_reanalysis_state,13,e_mm,0.4259041533725938,False
30,snowc,snowc_h30,C_full_reanalysis_state,14,slhf_W,0.419974983264753,False
30,snowc,snowc_h30,C_full_reanalysis_state,15,ssrd_W,0.4079660524035198,False
30,snowc,snowc_h30,C_full_reanalysis_state,16,sd_lag0,0.37611619208938585,False
30,snowc,snowc_h30,C_full_reanalysis_state,17,sde_mm,0.3758287027296614,False
30,snowc,snowc_h30,C_full_reanalysis_state,18,sd_lag1,0.3743047857673858,False
30,snowc,snowc_h30,C_full_reanalysis_state,19,snowc_lag0,0.3724648643785047,False
30,snowc,snowc_h30,C_full_reanalysis_state,20,snowc_lag1,0.3600018305869508,False
30,snowc,snowc_h30,C_full_reanalysis_state,21,sd_lag3,0.3515936053337798,False
30,snowc,snowc_h30,C_full_reanalysis_state,22,d2m_C,0.3403190602625745,False
30,snowc,snowc_h30,C_full_reanalysis_state,23,snowc_lag3,0.3378418399182328,False
30,snowc,snowc_h30,C_full_reanalysis_state,24,sd_lag7,0.31192776799126687,False
30,snowc,snowc_h30,C_full_reanalysis_state,25,snowc_lag7,0.2937035246137567,False
30,snowc,snowc_h30,C_full_reanalysis_state,26,sf_mm,0.27514281322782974,False
30,snowc,snowc_h30,C_full_reanalysis_state,27,sf_mm_lag1,0.26900654102924904,False
30,snowc,snowc_h30,C_full_reanalysis_state,28,sro_mm,0.25987494015553914,False
30,snowc,snowc_h30,C_full_reanalysis_state,29,sf_mm_lag3,0.25060777148554525,False
30,snowc,snowc_h30,C_full_reanalysis_state,30,strd_W,0.24718871689931632,False
30,snowc,snowc_h30,C_full_reanalysis_state,31,sf_mm_lag7,0.23189205795001477,False
30,snowc,snowc_h30,C_full_reanalysis_state,32,ws,0.20643433909546438,False
30,snowc,snowc_h30,C_full_reanalysis_state,33,sp_hPa,0.14420763361059308,False
30,snowc,snowc_h30,C_full_reanalysis_state,34,smlt_mm_lag1,0.09698741126445665,False
30,snowc,snowc_h30,C_full_reanalysis_state,35,smlt_mm_lag3,0.09602507265247517,False
30,snowc,snowc_h30,C_full_reanalysis_state,36,smlt_mm_lag7,0.09583105544721437,False
30,snowc,snowc_h30,C_full_reanalysis_state,37,tp_mm_lag3,0.06072165655469419,False
30,snowc,snowc_h30,C_full_reanalysis_state,38,tp_mm,0.0605303274474327,False
30,snowc,snowc_h30,C_full_reanalysis_state,39,tp_mm_lag1,0.05933957553821134,False
30,snowc,snowc_h30,C_full_reanalysis_state,40,tp_mm_lag7,0.04940686287082485,False
30,sd,sd_h30,A_atmosphere_energy,1,doy_cos,0.7807676262964023,True
30,sd,sd_h30,A_atmosphere_energy,2,doy_sin,0.7117014719272037,True
30,sd,sd_h30,A_atmosphere_energy,3,net_radiation_W,0.7067681503800731,True
30,sd,sd_h30,A_atmosphere_energy,4,t2m_C,0.692970440451397,True
30,sd,sd_h30,A_atmosphere_energy,5,sshf_W,0.53538975922568,True
30,sd,sd_h30,A_atmosphere_energy,6,e_mm,0.5348302071381514,True
30,sd,sd_h30,A_atmosphere_energy,7,slhf_W,0.5206839417228943,False
30,sd,sd_h30,A_atmosphere_energy,8,ssrd_W,0.4323584748547278,False
30,sd,sd_h30,A_atmosphere_energy,9,d2m_C,0.36382545336155836,False
30,sd,sd_h30,A_atmosphere_energy,10,strd_W,0.25522611847486587,False
30,sd,sd_h30,A_atmosphere_energy,11,sp_hPa,0.20850259456657128,False
30,sd,sd_h30,A_atmosphere_energy,12,ws,0.2010328027590651,False
30,sd,sd_h30,A_atmosphere_energy,13,tp_mm,0.07556723487705952,False
30,sd,sd_h30,B_atmosphere_snowfall_memory,1,sd_lag0,1.1074527349414343,True
30,sd,sd_h30,B_atmosphere_snowfall_memory,2,sd_lag1,1.0882767620764975,True
30,sd,sd_h30,B_atmosphere_snowfall_memory,3,sd_lag3,1.0541950533544275,True
30,sd,sd_h30,B_atmosphere_snowfall_memory,4,sd_lag7,0.9880281036507705,True
30,sd,sd_h30,B_atmosphere_snowfall_memory,5,doy_cos,0.7839726917152321,True
30,sd,sd_h30,B_atmosphere_snowfall_memory,6,doy_sin,0.7091166866146912,True
30,sd,sd_h30,B_atmosphere_snowfall_memory,7,net_radiation_W,0.7070747390363117,True
30,sd,sd_h30,B_atmosphere_snowfall_memory,8,t2m_C,0.6926988836047077,True
30,sd,sd_h30,B_atmosphere_snowfall_memory,9,t2m_C_lag1,0.6813126972661872,True
30,sd,sd_h30,B_atmosphere_snowfall_memory,10,t2m_C_lag3,0.6758454342786324,True
30,sd,sd_h30,B_atmosphere_snowfall_memory,11,t2m_C_lag7,0.6653962000853246,True
30,sd,sd_h30,B_atmosphere_snowfall_memory,12,sshf_W,0.5354179526706577,True
30,sd,sd_h30,B_atmosphere_snowfall_memory,13,e_mm,0.5351676249460038,False
30,sd,sd_h30,B_atmosphere_snowfall_memory,14,slhf_W,0.521152054441564,False
30,sd,sd_h30,B_atmosphere_snowfall_memory,15,snowc_lag0,0.5191278029041766,False
30,sd,sd_h30,B_atmosphere_snowfall_memory,16,snowc_lag1,0.510745490400677,False
30,sd,sd_h30,B_atmosphere_snowfall_memory,17,snowc_lag3,0.49192142586822296,False
30,sd,sd_h30,B_atmosphere_snowfall_memory,18,snowc_lag7,0.4617873563249639,False
30,sd,sd_h30,B_atmosphere_snowfall_memory,19,ssrd_W,0.43249742903254873,False
30,sd,sd_h30,B_atmosphere_snowfall_memory,20,d2m_C,0.3636411317400805,False
30,sd,sd_h30,B_atmosphere_snowfall_memory,21,sf_mm,0.2767001386617389,False
30,sd,sd_h30,B_atmosphere_snowfall_memory,22,sf_mm_lag3,0.2647054241617699,False
30,sd,sd_h30,B_atmosphere_snowfall_memory,23,sf_mm_lag1,0.25817023414995877,False
30,sd,sd_h30,B_atmosphere_snowfall_memory,24,strd_W,0.2551182498460767,False
30,sd,sd_h30,B_atmosphere_snowfall_memory,25,sf_mm_lag7,0.24106408346899144,False
30,sd,sd_h30,B_atmosphere_snowfall_memory,26,sp_hPa,0.2086522496848584,False
30,sd,sd_h30,B_atmosphere_snowfall_memory,27,ws,0.20129428261014493,False
30,sd,sd_h30,B_atmosphere_snowfall_memory,28,smlt_mm_lag3,0.15217101849731662,False
30,sd,sd_h30,B_atmosphere_snowfall_memory,29,smlt_mm_lag1,0.14864994242601792,False
30,sd,sd_h30,B_atmosphere_snowfall_memory,30,smlt_mm_lag7,0.14517955132906524,False
30,sd,sd_h30,B_atmosphere_snowfall_memory,31,tp_mm,0.0808574007679379,False
30,sd,sd_h30,B_atmosphere_snowfall_memory,32,tp_mm_lag1,0.07224430903462498,False
30,sd,sd_h30,B_atmosphere_snowfall_memory,33,tp_mm_lag3,0.07181243923334257,False
30,sd,sd_h30,B_atmosphere_snowfall_memory,34,tp_mm_lag7,0.06866669593323849,False
30,sd,sd_h30,C_full_reanalysis_state,1,sd_lag0,1.1036514706981313,True
30,sd,sd_h30,C_full_reanalysis_state,2,sd_lag1,1.0914859725585355,True
30,sd,sd_h30,C_full_reanalysis_state,3,sd_lag3,1.056335406550831,True
30,sd,sd_h30,C_full_reanalysis_state,4,ssro_mm,1.0545315228372347,True
30,sd,sd_h30,C_full_reanalysis_state,5,sd_lag7,0.9816853257895533,True
30,sd,sd_h30,C_full_reanalysis_state,6,ro_mm,0.8381323773353486,True
30,sd,sd_h30,C_full_reanalysis_state,7,rsn,0.83375648916142,True
30,sd,sd_h30,C_full_reanalysis_state,8,sde_mm,0.8054144758376802,True
30,sd,sd_h30,C_full_reanalysis_state,9,doy_cos,0.7816134643698689,True
30,sd,sd_h30,C_full_reanalysis_state,10,doy_sin,0.711621160827999,True
30,sd,sd_h30,C_full_reanalysis_state,11,net_radiation_W,0.7066199961154069,True
30,sd,sd_h30,C_full_reanalysis_state,12,t2m_C,0.6923089182970417,True
30,sd,sd_h30,C_full_reanalysis_state,13,t2m_C_lag1,0.681712056751457,False
30,sd,sd_h30,C_full_reanalysis_state,14,t2m_C_lag3,0.676241858797094,False
30,sd,sd_h30,C_full_reanalysis_state,15,t2m_C_lag7,0.6656074476811442,False
30,sd,sd_h30,C_full_reanalysis_state,16,e_mm,0.53541145956516,False
30,sd,sd_h30,C_full_reanalysis_state,17,sshf_W,0.5352990192969553,False
30,sd,sd_h30,C_full_reanalysis_state,18,snowc_lag0,0.5226387179424976,False
30,sd,sd_h30,C_full_reanalysis_state,19,slhf_W,0.5209535368951705,False
30,sd,sd_h30,C_full_reanalysis_state,20,snowc_lag1,0.5116492028745623,False
30,sd,sd_h30,C_full_reanalysis_state,21,snowc_lag3,0.5009261581894395,False
30,sd,sd_h30,C_full_reanalysis_state,22,tsn_C,0.4906253771121669,False
30,sd,sd_h30,C_full_reanalysis_state,23,snowc_lag7,0.46367116431685274,False
30,sd,sd_h30,C_full_reanalysis_state,24,ssrd_W,0.43195020969601483,False
30,sd,sd_h30,C_full_reanalysis_state,25,d2m_C,0.36436198555395816,False
30,sd,sd_h30,C_full_reanalysis_state,26,sf_mm,0.2792486465095392,False
30,sd,sd_h30,C_full_reanalysis_state,27,sf_mm_lag1,0.2621552586396554,False
30,sd,sd_h30,C_full_reanalysis_state,28,sf_mm_lag3,0.25662068010160954,False
30,sd,sd_h30,C_full_reanalysis_state,29,strd_W,0.2552154435591216,False
30,sd,sd_h30,C_full_reanalysis_state,30,sf_mm_lag7,0.2442400395471962,False
30,sd,sd_h30,C_full_reanalysis_state,31,sro_mm,0.22489628835319841,False
30,sd,sd_h30,C_full_reanalysis_state,32,sp_hPa,0.2083234889846164,False
30,sd,sd_h30,C_full_reanalysis_state,33,ws,0.2016118855028335,False
30,sd,sd_h30,C_full_reanalysis_state,34,smlt_mm_lag7,0.14978724304514834,False
30,sd,sd_h30,C_full_reanalysis_state,35,smlt_mm_lag1,0.14876233078325818,False
30,sd,sd_h30,C_full_reanalysis_state,36,smlt_mm_lag3,0.14299219096454685,False
30,sd,sd_h30,C_full_reanalysis_state,37,tp_mm,0.07989747241015266,False
30,sd,sd_h30,C_full_reanalysis_state,38,tp_mm_lag1,0.07454515215512636,False
30,sd,sd_h30,C_full_reanalysis_state,39,tp_mm_lag3,0.07110883395893985,False
30,sd,sd_h30,C_full_reanalysis_state,40,tp_mm_lag7,0.06827969218610885,False
30,smlt_mm,smlt_mm_h30,A_atmosphere_energy,1,doy_sin,0.46651950212029636,True
30,smlt_mm,smlt_mm_h30,A_atmosphere_energy,2,doy_cos,0.4390578810466703,True
30,smlt_mm,smlt_mm_h30,A_atmosphere_energy,3,net_radiation_W,0.22372737715851976,True
30,smlt_mm,smlt_mm_h30,A_atmosphere_energy,4,sshf_W,0.21520136591303007,True
30,smlt_mm,smlt_mm_h30,A_atmosphere_energy,5,t2m_C,0.19882181040319047,False
30,smlt_mm,smlt_mm_h30,A_atmosphere_energy,6,e_mm,0.13162378179682221,False
30,smlt_mm,smlt_mm_h30,A_atmosphere_energy,7,slhf_W,0.124805621047269,False
30,smlt_mm,smlt_mm_h30,A_atmosphere_energy,8,ssrd_W,0.11614235774369774,False
30,smlt_mm,smlt_mm_h30,A_atmosphere_energy,9,d2m_C,0.06751245557790497,False
30,smlt_mm,smlt_mm_h30,A_atmosphere_energy,10,ws,0.054041892930566604,False
30,smlt_mm,smlt_mm_h30,A_atmosphere_energy,11,sp_hPa,0.04140997702435101,False
30,smlt_mm,smlt_mm_h30,A_atmosphere_energy,12,strd_W,0.03814324409357184,False
30,smlt_mm,smlt_mm_h30,A_atmosphere_energy,13,tp_mm,0.014782515591209133,False
30,smlt_mm,smlt_mm_h30,B_atmosphere_snowfall_memory,1,doy_sin,0.4693672170155798,True
30,smlt_mm,smlt_mm_h30,B_atmosphere_snowfall_memory,2,doy_cos,0.4468279866997644,True
30,smlt_mm,smlt_mm_h30,B_atmosphere_snowfall_memory,3,sd_lag3,0.2736642867798693,True
30,smlt_mm,smlt_mm_h30,B_atmosphere_snowfall_memory,4,sd_lag1,0.27278159572090743,True
30,smlt_mm,smlt_mm_h30,B_atmosphere_snowfall_memory,5,sd_lag0,0.2711322628358799,True
30,smlt_mm,smlt_mm_h30,B_atmosphere_snowfall_memory,6,sd_lag7,0.2701573437750744,True
30,smlt_mm,smlt_mm_h30,B_atmosphere_snowfall_memory,7,net_radiation_W,0.22380374439408435,True
30,smlt_mm,smlt_mm_h30,B_atmosphere_snowfall_memory,8,sshf_W,0.21452107677729693,True
30,smlt_mm,smlt_mm_h30,B_atmosphere_snowfall_memory,9,t2m_C,0.19865186574191185,False
30,smlt_mm,smlt_mm_h30,B_atmosphere_snowfall_memory,10,t2m_C_lag1,0.19684658423874168,False
30,smlt_mm,smlt_mm_h30,B_atmosphere_snowfall_memory,11,t2m_C_lag3,0.1892757838194079,False
30,smlt_mm,smlt_mm_h30,B_atmosphere_snowfall_memory,12,t2m_C_lag7,0.17376195685446483,False
30,smlt_mm,smlt_mm_h30,B_atmosphere_snowfall_memory,13,e_mm,0.131679564407424,False
30,smlt_mm,smlt_mm_h30,B_atmosphere_snowfall_memory,14,slhf_W,0.12498574299496212,False
30,smlt_mm,smlt_mm_h30,B_atmosphere_snowfall_memory,15,ssrd_W,0.11598606900690633,False
30,smlt_mm,smlt_mm_h30,B_atmosphere_snowfall_memory,16,snowc_lag7,0.11411382203037412,False
30,smlt_mm,smlt_mm_h30,B_atmosphere_snowfall_memory,17,snowc_lag0,0.11101090157758975,False
30,smlt_mm,smlt_mm_h30,B_atmosphere_snowfall_memory,18,snowc_lag1,0.10526768431492783,False
30,smlt_mm,smlt_mm_h30,B_atmosphere_snowfall_memory,19,snowc_lag3,0.10448661308432872,False
30,smlt_mm,smlt_mm_h30,B_atmosphere_snowfall_memory,20,smlt_mm_lag1,0.06790838019219247,False
30,smlt_mm,smlt_mm_h30,B_atmosphere_snowfall_memory,21,d2m_C,0.06789320449472847,False
30,smlt_mm,smlt_mm_h30,B_atmosphere_snowfall_memory,22,smlt_mm_lag3,0.06555958662630523,False
30,smlt_mm,smlt_mm_h30,B_atmosphere_snowfall_memory,23,ws,0.054389589900628366,False
30,smlt_mm,smlt_mm_h30,B_atmosphere_snowfall_memory,24,smlt_mm_lag7,0.04538189662294112,False
30,smlt_mm,smlt_mm_h30,B_atmosphere_snowfall_memory,25,sp_hPa,0.042319330677633715,False
30,smlt_mm,smlt_mm_h30,B_atmosphere_snowfall_memory,26,strd_W,0.03884034154196314,False
30,smlt_mm,smlt_mm_h30,B_atmosphere_snowfall_memory,27,sf_mm_lag3,0.036187060520103564,False
30,smlt_mm,smlt_mm_h30,B_atmosphere_snowfall_memory,28,sf_mm_lag7,0.03127936208376969,False
30,smlt_mm,smlt_mm_h30,B_atmosphere_snowfall_memory,29,sf_mm,0.02971914354734384,False
30,smlt_mm,smlt_mm_h30,B_atmosphere_snowfall_memory,30,sf_mm_lag1,0.026683873188690477,False
30,smlt_mm,smlt_mm_h30,B_atmosphere_snowfall_memory,31,tp_mm,0.018987276254124552,False
30,smlt_mm,smlt_mm_h30,B_atmosphere_snowfall_memory,32,tp_mm_lag7,0.014989378197788561,False
30,smlt_mm,smlt_mm_h30,B_atmosphere_snowfall_memory,33,tp_mm_lag3,0.01489011638601756,False
30,smlt_mm,smlt_mm_h30,B_atmosphere_snowfall_memory,34,tp_mm_lag1,0.01066610120728928,False
30,smlt_mm,smlt_mm_h30,C_full_reanalysis_state,1,doy_sin,0.4679355554517004,True
30,smlt_mm,smlt_mm_h30,C_full_reanalysis_state,2,doy_cos,0.43998871728900735,True
30,smlt_mm,smlt_mm_h30,C_full_reanalysis_state,3,rsn,0.2789533216931126,True
30,smlt_mm,smlt_mm_h30,C_full_reanalysis_state,4,sd_lag1,0.2771377045319152,True
30,smlt_mm,smlt_mm_h30,C_full_reanalysis_state,5,sd_lag3,0.2743555254795096,False
30,smlt_mm,smlt_mm_h30,C_full_reanalysis_state,6,sd_lag7,0.26584337981156025,False
30,smlt_mm,smlt_mm_h30,C_full_reanalysis_state,7,sd_lag0,0.26571011410123724,False
30,smlt_mm,smlt_mm_h30,C_full_reanalysis_state,8,net_radiation_W,0.22406230173046104,False
30,smlt_mm,smlt_mm_h30,C_full_reanalysis_state,9,sshf_W,0.21588220374173872,False
30,smlt_mm,smlt_mm_h30,C_full_reanalysis_state,10,ssro_mm,0.20718524689621898,False
30,smlt_mm,smlt_mm_h30,C_full_reanalysis_state,11,t2m_C,0.19859657187098811,False
30,smlt_mm,smlt_mm_h30,C_full_reanalysis_state,12,t2m_C_lag1,0.19708883505782282,False
30,smlt_mm,smlt_mm_h30,C_full_reanalysis_state,13,sde_mm,0.19041979807637155,False
30,smlt_mm,smlt_mm_h30,C_full_reanalysis_state,14,t2m_C_lag3,0.1894420319054415,False
30,smlt_mm,smlt_mm_h30,C_full_reanalysis_state,15,t2m_C_lag7,0.17463937916251204,False
30,smlt_mm,smlt_mm_h30,C_full_reanalysis_state,16,e_mm,0.1317008599431908,False
30,smlt_mm,smlt_mm_h30,C_full_reanalysis_state,17,ro_mm,0.12754872453104582,False
30,smlt_mm,smlt_mm_h30,C_full_reanalysis_state,18,slhf_W,0.12499328329372617,False
30,smlt_mm,smlt_mm_h30,C_full_reanalysis_state,19,tsn_C,0.12024022074306817,False
30,smlt_mm,smlt_mm_h30,C_full_reanalysis_state,20,snowc_lag0,0.11613247497978829,False
30,smlt_mm,smlt_mm_h30,C_full_reanalysis_state,21,ssrd_W,0.11595316471717254,False
30,smlt_mm,smlt_mm_h30,C_full_reanalysis_state,22,snowc_lag3,0.1126562848640722,False
30,smlt_mm,smlt_mm_h30,C_full_reanalysis_state,23,snowc_lag7,0.11256479990254231,False
30,smlt_mm,smlt_mm_h30,C_full_reanalysis_state,24,snowc_lag1,0.10514317245822724,False
30,smlt_mm,smlt_mm_h30,C_full_reanalysis_state,25,smlt_mm_lag1,0.07734252014583554,False
30,smlt_mm,smlt_mm_h30,C_full_reanalysis_state,26,d2m_C,0.06797898776242306,False
30,smlt_mm,smlt_mm_h30,C_full_reanalysis_state,27,sro_mm,0.06427724578968075,False
30,smlt_mm,smlt_mm_h30,C_full_reanalysis_state,28,smlt_mm_lag3,0.055629742801118987,False
30,smlt_mm,smlt_mm_h30,C_full_reanalysis_state,29,ws,0.05395265249518033,False
30,smlt_mm,smlt_mm_h30,C_full_reanalysis_state,30,smlt_mm_lag7,0.04360988678332944,False
30,smlt_mm,smlt_mm_h30,C_full_reanalysis_state,31,sp_hPa,0.04209132312674413,False
30,smlt_mm,smlt_mm_h30,C_full_reanalysis_state,32,strd_W,0.03911545467681243,False
30,smlt_mm,smlt_mm_h30,C_full_reanalysis_state,33,sf_mm_lag7,0.03563458100587891,False
30,smlt_mm,smlt_mm_h30,C_full_reanalysis_state,34,sf_mm,0.03276652926768353,False
30,smlt_mm,smlt_mm_h30,C_full_reanalysis_state,35,sf_mm_lag3,0.032175917463433734,False
30,smlt_mm,smlt_mm_h30,C_full_reanalysis_state,36,sf_mm_lag1,0.021369768147455837,False
30,smlt_mm,smlt_mm_h30,C_full_reanalysis_state,37,tp_mm,0.018141377531730285,False
30,smlt_mm,smlt_mm_h30,C_full_reanalysis_state,38,tp_mm_lag3,0.016011097389386997,False
30,smlt_mm,smlt_mm_h30,C_full_reanalysis_state,39,tp_mm_lag7,0.014124867171455335,False
30,smlt_mm,smlt_mm_h30,C_full_reanalysis_state,40,tp_mm_lag1,0.012915109742160702,False
